Workbook

Sheet Guide
B1: Performance Qualification & Recognition Matrix — User Guide
B2: Draft v0.1 · 2026-09-29 · Sample data included for illustration (fictional employees) — clear log input cells before live use.
B4: Workbook Map
B5: Rewards_Program | C5: Concept of the PRIDE recognition & accountability program (purpose, categories, cross-department recognition, promotional activities, governance).
B6: Dashboard | C6: KPI tiles, department summary, COQ by category, charts. Read-only.
B7: Merit_Scorecard | C7: Per-employee net merit, standing and reward eligibility for the review period (set Period Start/End in yellow cells).
B8: Qualification_Log | C8: Process Trainer log: certifications, assessments, quality incidents with Cost of Quality (COQ), severity and decertification.
B9: Recognition_Log | C9: Merit side: nominations, Cross-Department Recognition, Division Lead approval, awards.
B10: Corrective_Action_Log | C10: Accountability side: progressive corrective actions with due-process dates and demerit points.
B11: Employee_Master | C11: Employee register. Employee ID is the key linking every log (like a database primary key).
B12: Reference_Data | C12: Master lists for all dropdowns, point values, severity definitions and scoring thresholds (yellow).
B14: How to Use
B15: Step 1 | C15: Add employees to Employee_Master (unique Employee ID, Department, Division Lead, Process Trainer).
B16: Step 2 | C16: Process Trainer logs each certification in Qualification_Log (Event Type = Initial Certification / Recertification / Reinstatement, Certification Level, Score, Certification Date). Expiry and Status calculate automatically.
B17: Step 3 | C17: For each quality event, log Event Type = Quality Incident with COQ Category, description, COQ Amount (PHP) and Severity. The Recommended Action appears automatically.
B18: Step 4 | C18: Record the formal action in Corrective_Action_Log, referencing the Log ID. Enter Decision Date only after due process — demerits count from that point.
B19: Step 5 | C19: To decertify, log a row with Event Type = Decertification, Decertification = Yes, Date and Reason. The original certification row changes to 'Decertified'. Reinstate by logging a new certification row.
B20: Step 6 | C20: Log recognitions in Recognition_Log. Cross-Department is flagged automatically; Division Lead must approve before points credit.
B21: Step 7 | C21: Review Merit_Scorecard and Dashboard monthly; calibrate thresholds on Reference_Data quarterly.
B23: Conventions
B24: Navy header | C24: Input column — type or select from dropdown.
B25: Grey header / shaded cell | C25: Formula — do not overwrite.
B26: Blue text, yellow fill | C26: Editable parameter (Reference_Data, Scorecard period).
B27: IDs | C27: Enter sequential IDs manually (QL-0001, RC-0001, CA-0001). Do not reuse or renumber — other logs reference them.
B28: Capacity | C28: Logs are pre-formatted for 300 rows (rows 5–304); Employee_Master and Scorecard for 100 employees. To extend, copy the last row's formulas down and widen formula ranges.
B29: Status values | C29: Active · Expired (past expiry — recertify) · Decertified · Superseded (replaced by a newer certification for the same process) · Decertification Record.
B31: Cautions
B32: Multi-user | C32: A desktop Excel file is not suited to simultaneous editing. Host on SharePoint / OneDrive (Excel Online co-authoring) or migrate the tables to a database / Salesforce object when volume grows.
B33: HR / Legal | C33: Corrective action ladder, point values and due-process steps are proposals. Validate with HR and applicable labor regulations before use; this workbook is a tracking tool, not the official disciplinary record.
B34: Data privacy | C34: Contains personnel performance and disciplinary data. Restrict access (protect sheets / limit sharing) to Process Trainers, Leads, Division Leads and HR.
B35: Scoring | C35: Point values and thresholds are uncalibrated starting points. Review after the first pilot quarter.

Sheet Rewards_Program
B1: PRIDE Program — Performance, Recognition, Integrity, Dedication & Excellence
B2: Concept Draft v0.1 · Employee Recognition and Performance Accountability Program · Prepared 2026-09-29 · For review by Division Leads and HR
B3: Program name is a proposed working title. All point values and thresholds are proposals for calibration and are maintained on the Reference_Data tab.
B5: 1. Purpose
B6: Establish a fair, transparent and data-driven framework that recognizes employees who consistently deliver quality work, support other teams and improve processes — and that applies consistent, documented and proportionate corrective action when performance or quality standards are not met.
B7: The program links three existing disciplines into one record: (a) process qualification and certification managed by Process Trainers, (b) Cost of Quality (COQ) tracking, and (c) recognition and corrective action.
B9: 2. Objectives
B10: • Increase First Pass Yield and reduce Cost of Poor Quality (internal and external failure costs).
B11: • Ensure every employee performing a process holds a current, valid certification for that process.
B12: • Recognize high performance, mentorship, innovation and cross-department collaboration in a timely and visible manner.
B13: • Apply corrective action consistently across departments, following due process.
B14: • Give leadership a single, auditable view of competency, quality cost and employee standing.
... B30: Point values below are pulled live from Reference_Data; changing them there updates this table and all scoring.
B31: Recognition Type | C31: Criteria | F31: Merit Points
B32: =Reference_Data!O5 -> Spot Award | C32: =Reference_Data!Q5 -> Immediate recognition of an above-standard contribution. | F32: =Reference_Data!P5 -> 10
B33: =Reference_Data!O6 -> Cross-Department Recognition | C33: =Reference_Data!Q6 -> Significant assistance that helped another department achieve a goal. Division Lead approval required. | F33: =Reference_Data!P6 -> 15
B34: =Reference_Data!O7 -> Mentorship Award | C34: =Reference_Data!Q7 -> Coached peers to a higher certification level. | F34: =Reference_Data!P7 -> 15
B35: =Reference_Data!O8 -> Quality Excellence Award | C35: =Reference_Data!Q8 -> Sustained zero-defect / top First Pass Yield performance. | F35: =Reference_Data!P8 -> 20
B36: =Reference_Data!O9 -> Zero-Defect Milestone | C36: =Reference_Data!Q9 -> Consecutive-output milestone with zero QA findings. | F36: =Reference_Data!P9 -> 20
B37: =Reference_Data!O10 -> Innovation / Process Improvement | C37: =Reference_Data!Q10 -> Improvement adopted that measurably reduces COQ or cycle time. | F37: =Reference_Data!P10 -> 25
B38: =Reference_Data!O11 -> Employee of the Quarter | C38: =Reference_Data!Q11 -> Top overall contributor for the quarter (committee selection). | F38: =Reference_Data!P11 -> 40
B40: 6. Cross-Department Recognition
B41: Rewards may be given across departments when an employee provides significant assistance, support or contribution that helps another team or department achieve its goals or successfully complete an activity or project. Such rewards are subject to review and approval by the respective Division Lead.
B42: Process:
B43: 1. Nomination — any Team Lead or employee of the benefiting department submits a nomination describing the assistance, the goal or project supported, and the measurable outcome.
B44: 2. Logging — the nomination is entered in Recognition_Log with Recognition Type = 'Cross-Department Recognition' and the Beneficiary Department. The Cross-Department flag sets automatically when the Beneficiary Department differs from the employee's Home Department.
B45: 3. Review — the Division Lead of the benefiting department validates the contribution and impact. (Missing approver names are highlighted in red.)
B46: 4. Approval — the Division Lead sets Approval Status and Approval Date. Merit points credit only when Approved.
B47: 5. Award & Communication — the award is issued, and the recognition is shared with both departments.
B48: Qualifying contributions (examples): covering critical workload to meet a builder or utility deadline; sharing technical expertise that resolves another team's blocker; co-developing a tool, template or checklist adopted by another department; supporting a launch, audit or backlog-clearance initiative.
B50: 7. Performance Accountability Framework (Demerit)
B51: Quality events are logged in Qualification_Log with COQ category and amount. Severity determines the recommended corrective action, which is then formally recorded in Corrective_Action_Log.
B52: Severity | C52: Definition | F52: Recommended Action
B53: =Reference_Data!H5 -> Minor | C53: =Reference_Data!I5 -> Defect caught internally; no customer, AHJ or utility impact; COQ below ₱5,000. | F53: =Reference_Data!J5 -> Coaching Session
B54: =Reference_Data!H6 -> Major | C54: =Reference_Data!I6 -> Defect reached AHJ / utility / customer OR required formal rework; schedule impact. | F54: =Reference_Data!J6 -> Written Warning + Retraining
B55: =Reference_Data!H7 -> Critical | C55: =Reference_Data!I7 -> Safety, code or compliance risk, field rework, or repeat Major within 90 days. | F55: =Reference_Data!J7 -> Decertification Review / Final Written Warning
B57: Progressive corrective action ladder (demerit points from Reference_Data):
B58: Corrective Action | C58: Description | F58: Demerit Points
B59: =Reference_Data!S5 -> Coaching Session | C59: =Reference_Data!U5 -> Documented one-on-one coaching; non-disciplinary. | F59: =Reference_Data!T5 -> 0
B60: =Reference_Data!S6 -> Verbal Warning | C60: =Reference_Data!U6 -> Documented verbal warning. | F60: =Reference_Data!T6 -> 5
B61: =Reference_Data!S7 -> Written Warning | C61: =Reference_Data!U7 -> Formal written warning after due process. | F61: =Reference_Data!T7 -> 15
B62: =Reference_Data!S8 -> Performance Improvement Plan (PIP) | C62: =Reference_Data!U8 -> Structured improvement plan with defined targets and timeline. | F62: =Reference_Data!T8 -> 20
B63: =Reference_Data!S9 -> Final Written Warning | C63: =Reference_Data!U9 -> Last formal warning before escalation to HR. | F63: =Reference_Data!T9 -> 30
B64: =Reference_Data!S10 -> Decertification | C64: =Reference_Data!U10 -> Removal of process certification; retraining and reassessment required. | F64: =Reference_Data!T10 -> 30
B65: =Reference_Data!S11 -> Suspension (HR Determination) | C65: =Reference_Data!U11 -> HR-determined sanction following due process. | F65: =Reference_Data!T11 -> 50
B67: Decertification & Recertification:
B68: • A Critical incident, or repeated Major incidents on the same process, triggers a Decertification Review by the Process Trainer.
B69: • On decertification, the employee is removed from independent work on that process, completes retraining, and must be reassessed by the Recertification Due date.
B70: • Reinstatement is logged as a new certification row; the prior record is automatically marked Superseded.
B71: • Due process: Notice to Explain → Employee Response → Decision, with HR review for Written Warning and above. Final wording must be aligned with company HR policy and applicable labor regulations.
B73: 8. Merit Scoring & Performance Standing
B74: • Net Merit Score = Merit Points (approved recognitions) − Demerit Points (decided, non-voided corrective actions) within the review period.
B75: • Standing: Exemplary / Commendable / Meets Standard / Needs Improvement, based on thresholds on Reference_Data.
B76: • Override: any Critical incident or decertification in the period sets Standing to 'Under Review'. A high reward score cannot cancel a Critical quality event.
B77: • Recommended review cadence: monthly scorecard review by Process Trainers; quarterly calibration by Division Leads; annual program review with HR.
B79: 9. Promotional & Engagement Activities
B80: Development of promotional activities to increase employee awareness, motivation and participation:
B81: Activity | C81: Description | F81: Frequency
B82: Program Launch Kick-off | C82: Town hall introducing PRIDE: objectives, categories, how to nominate, scoring and due process. | F82: Once (launch)
B83: Wall of Excellence | C83: Physical / digital board featuring approved recognitions and zero-defect milestones. | F83: Monthly update
B84: Kudos Cards | C84: Quick peer-to-peer appreciation notes; top Kudos feed Spot Award nominations. | F84: Ongoing
B85: Quality Leaderboard | C85: Department-level First Pass Yield and COQ-reduction ranking (team-based, not individual demerits). | F85: Monthly
B86: Employee of the Quarter | C86: Committee selection from top Net Merit scores and nominations; recognized at town hall. | F86: Quarterly
B87: Cross-Department Spotlight | C87: Newsletter / channel feature on collaboration stories approved by Division Leads. | F87: Monthly
B88: Quality Month Campaign | C88: Themed quizzes, trainer-led refreshers, defect-prevention challenges with Spot Awards. | F88: Annual
B89: Certification Milestone Recognition | C89: Acknowledge employees reaching Certified (L2) and Master / Trainer (L3). | F89: As achieved
B91: 10. Governance, Roles & Appeals
B92: Role | C92: Responsibility | F92: Log(s) Owned
B93: Process Trainer | C93: Assess and certify staff; log quality events and COQ; recommend corrective action and decertification. | F93: Qualification_Log
B94: Team / Department Lead | C94: Nominate recognitions; issue coaching and verbal warnings; monitor scorecard. | F94: Recognition_Log, Corrective_Action_Log
B95: Division Lead | C95: Approve recognitions (incl. Cross-Department); approve Written Warning and above; quarterly calibration. | F95: Approval fields
B96: HR | C96: Ensure due process and policy alignment; decide Suspension; maintain official records. | F96: HR Reviewed field
B97: Program Owner | C97: Maintain Reference_Data, publish dashboard, run program reviews. | F97: Reference_Data, Dashboard
B99: Appeals: an employee may appeal a corrective action or decertification to the Division Lead within 5 working days of the decision. Voided actions are set to 'Voided / Rescinded' and excluded from scoring (record is retained for audit).
B101: 11. Program Success Measures
B102: • First Pass Yield trend by department (target: improving quarter over quarter).
B103: • Cost of Poor Quality (Internal + External Failure) as tracked on the Dashboard.
B104: • % of staff with active certification for every process they perform (target: 100%).
B105: • Recognition participation rate (% of employees nominated at least once per half-year).
B106: • Number of approved Cross-Department Recognitions per quarter.
B107: • Average days from nomination to approval (target: ≤ 10 working days).
B109: 12. Proposed Rollout
B110: Phase | C110: Activities | F110: Timing (proposed)
B111: 1 — Design & Approval | C111: Finalize categories, points, thresholds; HR/Legal review of corrective action ladder. | F111: Weeks 1–3
B112: 2 — Pilot | C112: Run with one or two departments; calibrate thresholds using real data. | F112: Weeks 4–10
B113: 3 — Launch | C113: Kick-off town hall; full rollout; promotional activities begin. | F113: Week 11
B114: 4 — Review | C114: Quarterly calibration; annual program review. | F114: Ongoing
B116: Open items for decision: program name, reward budget per quarter, award types permitted by policy, final point values and thresholds, HR sign-off on the corrective action ladder.

Sheet Dashboard
A1: Performance & Recognition Dashboard
A2: All figures auto-calculate from the logs. Period is set on Merit_Scorecard.
A3: ="Review period: "&TEXT(Merit_Scorecard!B3,"yyyy-mm-dd")&" to "&TEXT(Merit_Scorecard!B4,"yyyy-mm-dd") -> Review period: 2026-01-01 to 2026-12-31
A5: Active Employees | C5: Active Certifications | E5: Decertifications | G5: Cost of Quality (PHP) | I5: Merit Points Awarded | K5: Demerit Points Issued | M5: Cross-Dept Recognitions | O5: Open Corrective Actions
A6: =COUNTIFS(Employee_Master!$H$5:$H$104,"Active") -> 10 | C6: =SUM(Merit_Scorecard!$D$7:$D$106) -> 9 | E6: =SUM(Merit_Scorecard!$E$7:$E$106) -> 1 | G6: =SUM(Merit_Scorecard!$H$7:$H$106) -> 82000 | I6: =SUM(Merit_Scorecard!$J$7:$J$106) -> 120 | K6: =SUM(Merit_Scorecard!$K$7:$K$106) -> 50 | M6: =COUNTIFS(Recognition_Log!$H$5:$H$304,"Yes",Recognition_Log!$N$5:$N$304,"Approved",Recognition_Log!$O$5:$O$304,">="&Merit_Scorecard!$B$3,Recognition_Log!$O$5:$O$304,"<="&Merit_Scorecard!$B$4) -> 3 | O6: =COUNTIFS(Corrective_Action_Log!$S$5:$S$304,"Open") -> 1
A8: Summary by Department
A9: Department | B9: Headcount | C9: Active Certs | D9: Decerts | E9: Quality Incidents | F9: Critical | G9: COQ (PHP) | H9: Recognitions | I9: Cross-Dept Given | J9: Cross-Dept Received | K9: Corrective Actions | L9: Merit Points | M9: Demerit Points | N9: Avg Net Merit
A10: =IF(Reference_Data!A5="","",Reference_Data!A5) -> Design | B10: =IF($A10="","",COUNTIFS(Employee_Master!$C$5:$C$104,$A10,Employee_Master!$H$5:$H$104,"Active")) -> 3 | C10: =IF($A10="","",SUMIFS(Merit_Scorecard!$D$7:$D$106,Merit_Scorecard!$C$7:$C$106,$A10)) -> 4 | D10: =IF($A10="","",SUMIFS(Merit_Scorecard!$E$7:$E$106,Merit_Scorecard!$C$7:$C$106,$A10)) -> 1 | E10: =IF($A10="","",SUMIFS(Merit_Scorecard!$F$7:$F$106,Merit_Scorecard!$C$7:$C$106,$A10)) -> 3 | F10: =IF($A10="","",SUMIFS(Merit_Scorecard!$G$7:$G$106,Merit_Scorecard!$C$7:$C$106,$A10)) -> 1 | G10: =IF($A10="","",SUMIFS(Merit_Scorecard!$H$7:$H$106,Merit_Scorecard!$C$7:$C$106,$A10)) -> 60500 | H10: =IF($A10="","",SUMIFS(Merit_Scorecard!$I$7:$I$106,Merit_Scorecard!$C$7:$C$106,$A10)) -> 3 | I10: =IF($A10="","",COUNTIFS(Recognition_Log!$E$5:$E$304,$A10,Recognition_Log!$H$5:$H$304,"Yes",Recognition_Log!$N$5:$N$304,"Approved",Recognition_Log!$O$5:$O$304,">="&Merit_Scorecard!$B$3,Recognition_Log!$O$5:$O$304,"<="&Merit_Scorecard!$B$4)) -> 1 | J10: =IF($A10="","",COUNTIFS(Recognition_Log!$G$5:$G$304,$A10,Recognition_Log!$H$5:$H$304,"Yes",Recognition_Log!$N$5:$N$304,"Approved",Recognition_Log!$O$5:$O$304,">="&Merit_Scorecard!$B$3,Recognition_Log!$O$5:$O$304,"<="&Merit_Scorecard!$B$4)) -> 1 | K10: =IF($A10="","",COUNTIFS(Corrective_Action_Log!$E$5:$E$304,$A10,Corrective_Action_Log!$N$5:$N$304,">="&Merit_Scorecard!$B$3,Corrective_Action_Log!$N$5:$N$304,"<="&Merit_Scorecard!$B$4)) -> 3 | L10: =IF($A10="","",SUMIFS(Merit_Scorecard!$J$7:$J$106,Merit_Scorecard!$C$7:$C$106,$A10)) -> 60 | M10: =IF($A10="","",SUMIFS(Merit_Scorecard!$K$7:$K$106,Merit_Scorecard!$C$7:$C$106,$A10)) -> 45 | N10: =IF($A10="","",IFERROR(AVERAGEIF(Merit_Scorecard!$C$7:$C$106,$A10,Merit_Scorecard!$L$7:$L$106),0)) -> 5
A11: =IF(Reference_Data!A6="","",Reference_Data!A6) -> Permitting | B11: =IF($A11="","",COUNTIFS(Employee_Master!$C$5:$C$104,$A11,Employee_Master!$H$5:$H$104,"Active")) -> 2 | C11: =IF($A11="","",SUMIFS(Merit_Scorecard!$D$7:$D$106,Merit_Scorecard!$C$7:$C$106,$A11)) -> 1 | D11: =IF($A11="","",SUMIFS(Merit_Scorecard!$E$7:$E$106,Merit_Scorecard!$C$7:$C$106,$A11)) -> 0 | E11: =IF($A11="","",SUMIFS(Merit_Scorecard!$F$7:$F$106,Merit_Scorecard!$C$7:$C$106,$A11)) -> 1 | F11: =IF($A11="","",SUMIFS(Merit_Scorecard!$G$7:$G$106,Merit_Scorecard!$C$7:$C$106,$A11)) -> 0 | G11: =IF($A11="","",SUMIFS(Merit_Scorecard!$H$7:$H$106,Merit_Scorecard!$C$7:$C$106,$A11)) -> 9500 | H11: =IF($A11="","",SUMIFS(Merit_Scorecard!$I$7:$I$106,Merit_Scorecard!$C$7:$C$106,$A11)) -> 1 | I11: =IF($A11="","",COUNTIFS(Recognition_Log!$E$5:$E$304,$A11,Recognition_Log!$H$5:$H$304,"Yes",Recognition_Log!$N$5:$N$304,"Approved",Recognition_Log!$O$5:$O$304,">="&Merit_Scorecard!$B$3,Recognition_Log!$O$5:$O$304,"<="&Merit_Scorecard!$B$4)) -> 0 | J11: =IF($A11="","",COUNTIFS(Recognition_Log!$G$5:$G$304,$A11,Recognition_Log!$H$5:$H$304,"Yes",Recognition_Log!$N$5:$N$304,"Approved",Recognition_Log!$O$5:$O$304,">="&Merit_Scorecard!$B$3,Recognition_Log!$O$5:$O$304,"<="&Merit_Scorecard!$B$4)) -> 1 | K11: =IF($A11="","",COUNTIFS(Corrective_Action_Log!$E$5:$E$304,$A11,Corrective_Action_Log!$N$5:$N$304,">="&Merit_Scorecard!$B$3,Corrective_Action_Log!$N$5:$N$304,"<="&Merit_Scorecard!$B$4)) -> 0 | L11: =IF($A11="","",SUMIFS(Merit_Scorecard!$J$7:$J$106,Merit_Scorecard!$C$7:$C$106,$A11)) -> 10 | M11: =IF($A11="","",SUMIFS(Merit_Scorecard!$K$7:$K$106,Merit_Scorecard!$C$7:$C$106,$A11)) -> 0 | N11: =IF($A11="","",IFERROR(AVERAGEIF(Merit_Scorecard!$C$7:$C$106,$A11,Merit_Scorecard!$L$7:$L$106),0)) -> 5
A12: =IF(Reference_Data!A7="","",Reference_Data!A7) -> Interconnection | B12: =IF($A12="","",COUNTIFS(Employee_Master!$C$5:$C$104,$A12,Employee_Master!$H$5:$H$104,"Active")) -> 2 | C12: =IF($A12="","",SUMIFS(Merit_Scorecard!$D$7:$D$106,Merit_Scorecard!$C$7:$C$106,$A12)) -> 2 | D12: =IF($A12="","",SUMIFS(Merit_Scorecard!$E$7:$E$106,Merit_Scorecard!$C$7:$C$106,$A12)) -> 0 | E12: =IF($A12="","",SUMIFS(Merit_Scorecard!$F$7:$F$106,Merit_Scorecard!$C$7:$C$106,$A12)) -> 1 | F12: =IF($A12="","",SUMIFS(Merit_Scorecard!$G$7:$G$106,Merit_Scorecard!$C$7:$C$106,$A12)) -> 0 | G12: =IF($A12="","",SUMIFS(Merit_Scorecard!$H$7:$H$106,Merit_Scorecard!$C$7:$C$106,$A12)) -> 2500 | H12: =IF($A12="","",SUMIFS(Merit_Scorecard!$I$7:$I$106,Merit_Scorecard!$C$7:$C$106,$A12)) -> 1 | I12: =IF($A12="","",COUNTIFS(Recognition_Log!$E$5:$E$304,$A12,Recognition_Log!$H$5:$H$304,"Yes",Recognition_Log!$N$5:$N$304,"Approved",Recognition_Log!$O$5:$O$304,">="&Merit_Scorecard!$B$3,Recognition_Log!$O$5:$O$304,"<="&Merit_Scorecard!$B$4)) -> 1 | J12: =IF($A12="","",COUNTIFS(Recognition_Log!$G$5:$G$304,$A12,Recognition_Log!$H$5:$H$304,"Yes",Recognition_Log!$N$5:$N$304,"Approved",Recognition_Log!$O$5:$O$304,">="&Merit_Scorecard!$B$3,Recognition_Log!$O$5:$O$304,"<="&Merit_Scorecard!$B$4)) -> 0 | K12: =IF($A12="","",COUNTIFS(Corrective_Action_Log!$E$5:$E$304,$A12,Corrective_Action_Log!$N$5:$N$304,">="&Merit_Scorecard!$B$3,Corrective_Action_Log!$N$5:$N$304,"<="&Merit_Scorecard!$B$4)) -> 1 | L12: =IF($A12="","",SUMIFS(Merit_Scorecard!$J$7:$J$106,Merit_Scorecard!$C$7:$C$106,$A12)) -> 15 | M12: =IF($A12="","",SUMIFS(Merit_Scorecard!$K$7:$K$106,Merit_Scorecard!$C$7:$C$106,$A12)) -> 0 | N12: =IF($A12="","",IFERROR(AVERAGEIF(Merit_Scorecard!$C$7:$C$106,$A12,Merit_Scorecard!$L$7:$L$106),0)) -> 7.5
A13: =IF(Reference_Data!A8="","",Reference_Data!A8) -> Quality Assurance | B13: =IF($A13="","",COUNTIFS(Employee_Master!$C$5:$C$104,$A13,Employee_Master!$H$5:$H$104,"Active")) -> 2 | C13: =IF($A13="","",SUMIFS(Merit_Scorecard!$D$7:$D$106,Merit_Scorecard!$C$7:$C$106,$A13)) -> 2 | D13: =IF($A13="","",SUMIFS(Merit_Scorecard!$E$7:$E$106,Merit_Scorecard!$C$7:$C$106,$A13)) -> 0 | E13: =IF($A13="","",SUMIFS(Merit_Scorecard!$F$7:$F$106,Merit_Scorecard!$C$7:$C$106,$A13)) -> 0 | F13: =IF($A13="","",SUMIFS(Merit_Scorecard!$G$7:$G$106,Merit_Scorecard!$C$7:$C$106,$A13)) -> 0 | G13: =IF($A13="","",SUMIFS(Merit_Scorecard!$H$7:$H$106,Merit_Scorecard!$C$7:$C$106,$A13)) -> 9500 | H13: =IF($A13="","",SUMIFS(Merit_Scorecard!$I$7:$I$106,Merit_Scorecard!$C$7:$C$106,$A13)) -> 2 | I13: =IF($A13="","",COUNTIFS(Recognition_Log!$E$5:$E$304,$A13,Recognition_Log!$H$5:$H$304,"Yes",Recognition_Log!$N$5:$N$304,"Approved",Recognition_Log!$O$5:$O$304,">="&Merit_Scorecard!$B$3,Recognition_Log!$O$5:$O$304,"<="&Merit_Scorecard!$B$4)) -> 1 | J13: =IF($A13="","",COUNTIFS(Recognition_Log!$G$5:$G$304,$A13,Recognition_Log!$H$5:$H$304,"Yes",Recognition_Log!$N$5:$N$304,"Approved",Recognition_Log!$O$5:$O$304,">="&Merit_Scorecard!$B$3,Recognition_Log!$O$5:$O$304,"<="&Merit_Scorecard!$B$4)) -> 1 | K13: =IF($A13="","",COUNTIFS(Corrective_Action_Log!$E$5:$E$304,$A13,Corrective_Action_Log!$N$5:$N$304,">="&Merit_Scorecard!$B$3,Corrective_Action_Log!$N$5:$N$304,"<="&Merit_Scorecard!$B$4)) -> 0 | L13: =IF($A13="","",SUMIFS(Merit_Scorecard!$J$7:$J$106,Merit_Scorecard!$C$7:$C$106,$A13)) -> 35 | M13: =IF($A13="","",SUMIFS(Merit_Scorecard!$K$7:$K$106,Merit_Scorecard!$C$7:$C$106,$A13)) -> 0 | N13: =IF($A13="","",IFERROR(AVERAGEIF(Merit_Scorecard!$C$7:$C$106,$A13,Merit_Scorecard!$L$7:$L$106),0)) -> 17.5
A14: =IF(Reference_Data!A9="","",Reference_Data!A9) -> Project Management | B14: =IF($A14="","",COUNTIFS(Employee_Master!$C$5:$C$104,$A14,Employee_Master!$H$5:$H$104,"Active")) -> 1 | C14: =IF($A14="","",SUMIFS(Merit_Scorecard!$D$7:$D$106,Merit_Scorecard!$C$7:$C$106,$A14)) -> 0 | D14: =IF($A14="","",SUMIFS(Merit_Scorecard!$E$7:$E$106,Merit_Scorecard!$C$7:$C$106,$A14)) -> 0 | E14: =IF($A14="","",SUMIFS(Merit_Scorecard!$F$7:$F$106,Merit_Scorecard!$C$7:$C$106,$A14)) -> 0 | F14: =IF($A14="","",SUMIFS(Merit_Scorecard!$G$7:$G$106,Merit_Scorecard!$C$7:$C$106,$A14)) -> 0 | G14: =IF($A14="","",SUMIFS(Merit_Scorecard!$H$7:$H$106,Merit_Scorecard!$C$7:$C$106,$A14)) -> 0 | H14: =IF($A14="","",SUMIFS(Merit_Scorecard!$I$7:$I$106,Merit_Scorecard!$C$7:$C$106,$A14)) -> 0 | I14: =IF($A14="","",COUNTIFS(Recognition_Log!$E$5:$E$304,$A14,Recognition_Log!$H$5:$H$304,"Yes",Recognition_Log!$N$5:$N$304,"Approved",Recognition_Log!$O$5:$O$304,">="&Merit_Scorecard!$B$3,Recognition_Log!$O$5:$O$304,"<="&Merit_Scorecard!$B$4)) -> 0 | J14: =IF($A14="","",COUNTIFS(Recognition_Log!$G$5:$G$304,$A14,Recognition_Log!$H$5:$H$304,"Yes",Recognition_Log!$N$5:$N$304,"Approved",Recognition_Log!$O$5:$O$304,">="&Merit_Scorecard!$B$3,Recognition_Log!$O$5:$O$304,"<="&Merit_Scorecard!$B$4)) -> 0 | K14: =IF($A14="","",COUNTIFS(Corrective_Action_Log!$E$5:$E$304,$A14,Corrective_Action_Log!$N$5:$N$304,">="&Merit_Scorecard!$B$3,Corrective_Action_Log!$N$5:$N$304,"<="&Merit_Scorecard!$B$4)) -> 1 | L14: =IF($A14="","",SUMIFS(Merit_Scorecard!$J$7:$J$106,Merit_Scorecard!$C$7:$C$106,$A14)) -> 0 | M14: =IF($A14="","",SUMIFS(Merit_Scorecard!$K$7:$K$106,Merit_Scorecard!$C$7:$C$106,$A14)) -> 5 | N14: =IF($A14="","",IFERROR(AVERAGEIF(Merit_Scorecard!$C$7:$C$106,$A14,Merit_Scorecard!$L$7:$L$106),0)) -> -5
A15: =IF(Reference_Data!A10="","",Reference_Data!A10) -> Customer Care | B15: =IF($A15="","",COUNTIFS(Employee_Master!$C$5:$C$104,$A15,Employee_Master!$H$5:$H$104,"Active")) -> 0 | C15: =IF($A15="","",SUMIFS(Merit_Scorecard!$D$7:$D$106,Merit_Scorecard!$C$7:$C$106,$A15)) -> 0 | D15: =IF($A15="","",SUMIFS(Merit_Scorecard!$E$7:$E$106,Merit_Scorecard!$C$7:$C$106,$A15)) -> 0 | E15: =IF($A15="","",SUMIFS(Merit_Scorecard!$F$7:$F$106,Merit_Scorecard!$C$7:$C$106,$A15)) -> 0 | F15: =IF($A15="","",SUMIFS(Merit_Scorecard!$G$7:$G$106,Merit_Scorecard!$C$7:$C$106,$A15)) -> 0 | G15: =IF($A15="","",SUMIFS(Merit_Scorecard!$H$7:$H$106,Merit_Scorecard!$C$7:$C$106,$A15)) -> 0 | H15: =IF($A15="","",SUMIFS(Merit_Scorecard!$I$7:$I$106,Merit_Scorecard!$C$7:$C$106,$A15)) -> 0 | I15: =IF($A15="","",COUNTIFS(Recognition_Log!$E$5:$E$304,$A15,Recognition_Log!$H$5:$H$304,"Yes",Recognition_Log!$N$5:$N$304,"Approved",Recognition_Log!$O$5:$O$304,">="&Merit_Scorecard!$B$3,Recognition_Log!$O$5:$O$304,"<="&Merit_Scorecard!$B$4)) -> 0 | J15: =IF($A15="","",COUNTIFS(Recognition_Log!$G$5:$G$304,$A15,Recognition_Log!$H$5:$H$304,"Yes",Recognition_Log!$N$5:$N$304,"Approved",Recognition_Log!$O$5:$O$304,">="&Merit_Scorecard!$B$3,Recognition_Log!$O$5:$O$304,"<="&Merit_Scorecard!$B$4)) -> 0 | K15: =IF($A15="","",COUNTIFS(Corrective_Action_Log!$E$5:$E$304,$A15,Corrective_Action_Log!$N$5:$N$304,">="&Merit_Scorecard!$B$3,Corrective_Action_Log!$N$5:$N$304,"<="&Merit_Scorecard!$B$4)) -> 0 | L15: =IF($A15="","",SUMIFS(Merit_Scorecard!$J$7:$J$106,Merit_Scorecard!$C$7:$C$106,$A15)) -> 0 | M15: =IF($A15="","",SUMIFS(Merit_Scorecard!$K$7:$K$106,Merit_Scorecard!$C$7:$C$106,$A15)) -> 0 | N15: =IF($A15="","",IFERROR(AVERAGEIF(Merit_Scorecard!$C$7:$C$106,$A15,Merit_Scorecard!$L$7:$L$106),0)) -> 0
A16: =IF(Reference_Data!A11="","",Reference_Data!A11) | B16: =IF($A16="","",COUNTIFS(Employee_Master!$C$5:$C$104,$A16,Employee_Master!$H$5:$H$104,"Active")) | C16: =IF($A16="","",SUMIFS(Merit_Scorecard!$D$7:$D$106,Merit_Scorecard!$C$7:$C$106,$A16)) | D16: =IF($A16="","",SUMIFS(Merit_Scorecard!$E$7:$E$106,Merit_Scorecard!$C$7:$C$106,$A16)) | E16: =IF($A16="","",SUMIFS(Merit_Scorecard!$F$7:$F$106,Merit_Scorecard!$C$7:$C$106,$A16)) | F16: =IF($A16="","",SUMIFS(Merit_Scorecard!$G$7:$G$106,Merit_Scorecard!$C$7:$C$106,$A16)) | G16: =IF($A16="","",SUMIFS(Merit_Scorecard!$H$7:$H$106,Merit_Scorecard!$C$7:$C$106,$A16)) | H16: =IF($A16="","",SUMIFS(Merit_Scorecard!$I$7:$I$106,Merit_Scorecard!$C$7:$C$106,$A16)) | I16: =IF($A16="","",COUNTIFS(Recognition_Log!$E$5:$E$304,$A16,Recognition_Log!$H$5:$H$304,"Yes",Recognition_Log!$N$5:$N$304,"Approved",Recognition_Log!$O$5:$O$304,">="&Merit_Scorecard!$B$3,Recognition_Log!$O$5:$O$304,"<="&Merit_Scorecard!$B$4)) | J16: =IF($A16="","",COUNTIFS(Recognition_Log!$G$5:$G$304,$A16,Recognition_Log!$H$5:$H$304,"Yes",Recognition_Log!$N$5:$N$304,"Approved",Recognition_Log!$O$5:$O$304,">="&Merit_Scorecard!$B$3,Recognition_Log!$O$5:$O$304,"<="&Merit_Scorecard!$B$4)) | K16: =IF($A16="","",COUNTIFS(Corrective_Action_Log!$E$5:$E$304,$A16,Corrective_Action_Log!$N$5:$N$304,">="&Merit_Scorecard!$B$3,Corrective_Action_Log!$N$5:$N$304,"<="&Merit_Scorecard!$B$4)) | L16: =IF($A16="","",SUMIFS(Merit_Scorecard!$J$7:$J$106,Merit_Scorecard!$C$7:$C$106,$A16)) | M16: =IF($A16="","",SUMIFS(Merit_Scorecard!$K$7:$K$106,Merit_Scorecard!$C$7:$C$106,$A16)) | N16: =IF($A16="","",IFERROR(AVERAGEIF(Merit_Scorecard!$C$7:$C$106,$A16,Merit_Scorecard!$L$7:$L$106),0))
A17: =IF(Reference_Data!A12="","",Reference_Data!A12) | B17: =IF($A17="","",COUNTIFS(Employee_Master!$C$5:$C$104,$A17,Employee_Master!$H$5:$H$104,"Active")) | C17: =IF($A17="","",SUMIFS(Merit_Scorecard!$D$7:$D$106,Merit_Scorecard!$C$7:$C$106,$A17)) | D17: =IF($A17="","",SUMIFS(Merit_Scorecard!$E$7:$E$106,Merit_Scorecard!$C$7:$C$106,$A17)) | E17: =IF($A17="","",SUMIFS(Merit_Scorecard!$F$7:$F$106,Merit_Scorecard!$C$7:$C$106,$A17)) | F17: =IF($A17="","",SUMIFS(Merit_Scorecard!$G$7:$G$106,Merit_Scorecard!$C$7:$C$106,$A17)) | G17: =IF($A17="","",SUMIFS(Merit_Scorecard!$H$7:$H$106,Merit_Scorecard!$C$7:$C$106,$A17)) | H17: =IF($A17="","",SUMIFS(Merit_Scorecard!$I$7:$I$106,Merit_Scorecard!$C$7:$C$106,$A17)) | I17: =IF($A17="","",COUNTIFS(Recognition_Log!$E$5:$E$304,$A17,Recognition_Log!$H$5:$H$304,"Yes",Recognition_Log!$N$5:$N$304,"Approved",Recognition_Log!$O$5:$O$304,">="&Merit_Scorecard!$B$3,Recognition_Log!$O$5:$O$304,"<="&Merit_Scorecard!$B$4)) | J17: =IF($A17="","",COUNTIFS(Recognition_Log!$G$5:$G$304,$A17,Recognition_Log!$H$5:$H$304,"Yes",Recognition_Log!$N$5:$N$304,"Approved",Recognition_Log!$O$5:$O$304,">="&Merit_Scorecard!$B$3,Recognition_Log!$O$5:$O$304,"<="&Merit_Scorecard!$B$4)) | K17: =IF($A17="","",COUNTIFS(Corrective_Action_Log!$E$5:$E$304,$A17,Corrective_Action_Log!$N$5:$N$304,">="&Merit_Scorecard!$B$3,Corrective_Action_Log!$N$5:$N$304,"<="&Merit_Scorecard!$B$4)) | L17: =IF($A17="","",SUMIFS(Merit_Scorecard!$J$7:$J$106,Merit_Scorecard!$C$7:$C$106,$A17)) | M17: =IF($A17="","",SUMIFS(Merit_Scorecard!$K$7:$K$106,Merit_Scorecard!$C$7:$C$106,$A17)) | N17: =IF($A17="","",IFERROR(AVERAGEIF(Merit_Scorecard!$C$7:$C$106,$A17,Merit_Scorecard!$L$7:$L$106),0))
A18: =IF(Reference_Data!A13="","",Reference_Data!A13) | B18: =IF($A18="","",COUNTIFS(Employee_Master!$C$5:$C$104,$A18,Employee_Master!$H$5:$H$104,"Active")) | C18: =IF($A18="","",SUMIFS(Merit_Scorecard!$D$7:$D$106,Merit_Scorecard!$C$7:$C$106,$A18)) | D18: =IF($A18="","",SUMIFS(Merit_Scorecard!$E$7:$E$106,Merit_Scorecard!$C$7:$C$106,$A18)) | E18: =IF($A18="","",SUMIFS(Merit_Scorecard!$F$7:$F$106,Merit_Scorecard!$C$7:$C$106,$A18)) | F18: =IF($A18="","",SUMIFS(Merit_Scorecard!$G$7:$G$106,Merit_Scorecard!$C$7:$C$106,$A18)) | G18: =IF($A18="","",SUMIFS(Merit_Scorecard!$H$7:$H$106,Merit_Scorecard!$C$7:$C$106,$A18)) | H18: =IF($A18="","",SUMIFS(Merit_Scorecard!$I$7:$I$106,Merit_Scorecard!$C$7:$C$106,$A18)) | I18: =IF($A18="","",COUNTIFS(Recognition_Log!$E$5:$E$304,$A18,Recognition_Log!$H$5:$H$304,"Yes",Recognition_Log!$N$5:$N$304,"Approved",Recognition_Log!$O$5:$O$304,">="&Merit_Scorecard!$B$3,Recognition_Log!$O$5:$O$304,"<="&Merit_Scorecard!$B$4)) | J18: =IF($A18="","",COUNTIFS(Recognition_Log!$G$5:$G$304,$A18,Recognition_Log!$H$5:$H$304,"Yes",Recognition_Log!$N$5:$N$304,"Approved",Recognition_Log!$O$5:$O$304,">="&Merit_Scorecard!$B$3,Recognition_Log!$O$5:$O$304,"<="&Merit_Scorecard!$B$4)) | K18: =IF($A18="","",COUNTIFS(Corrective_Action_Log!$E$5:$E$304,$A18,Corrective_Action_Log!$N$5:$N$304,">="&Merit_Scorecard!$B$3,Corrective_Action_Log!$N$5:$N$304,"<="&Merit_Scorecard!$B$4)) | L18: =IF($A18="","",SUMIFS(Merit_Scorecard!$J$7:$J$106,Merit_Scorecard!$C$7:$C$106,$A18)) | M18: =IF($A18="","",SUMIFS(Merit_Scorecard!$K$7:$K$106,Merit_Scorecard!$C$7:$C$106,$A18)) | N18: =IF($A18="","",IFERROR(AVERAGEIF(Merit_Scorecard!$C$7:$C$106,$A18,Merit_Scorecard!$L$7:$L$106),0))
A19: =IF(Reference_Data!A14="","",Reference_Data!A14) | B19: =IF($A19="","",COUNTIFS(Employee_Master!$C$5:$C$104,$A19,Employee_Master!$H$5:$H$104,"Active")) | C19: =IF($A19="","",SUMIFS(Merit_Scorecard!$D$7:$D$106,Merit_Scorecard!$C$7:$C$106,$A19)) | D19: =IF($A19="","",SUMIFS(Merit_Scorecard!$E$7:$E$106,Merit_Scorecard!$C$7:$C$106,$A19)) | E19: =IF($A19="","",SUMIFS(Merit_Scorecard!$F$7:$F$106,Merit_Scorecard!$C$7:$C$106,$A19)) | F19: =IF($A19="","",SUMIFS(Merit_Scorecard!$G$7:$G$106,Merit_Scorecard!$C$7:$C$106,$A19)) | G19: =IF($A19="","",SUMIFS(Merit_Scorecard!$H$7:$H$106,Merit_Scorecard!$C$7:$C$106,$A19)) | H19: =IF($A19="","",SUMIFS(Merit_Scorecard!$I$7:$I$106,Merit_Scorecard!$C$7:$C$106,$A19)) | I19: =IF($A19="","",COUNTIFS(Recognition_Log!$E$5:$E$304,$A19,Recognition_Log!$H$5:$H$304,"Yes",Recognition_Log!$N$5:$N$304,"Approved",Recognition_Log!$O$5:$O$304,">="&Merit_Scorecard!$B$3,Recognition_Log!$O$5:$O$304,"<="&Merit_Scorecard!$B$4)) | J19: =IF($A19="","",COUNTIFS(Recognition_Log!$G$5:$G$304,$A19,Recognition_Log!$H$5:$H$304,"Yes",Recognition_Log!$N$5:$N$304,"Approved",Recognition_Log!$O$5:$O$304,">="&Merit_Scorecard!$B$3,Recognition_Log!$O$5:$O$304,"<="&Merit_Scorecard!$B$4)) | K19: =IF($A19="","",COUNTIFS(Corrective_Action_Log!$E$5:$E$304,$A19,Corrective_Action_Log!$N$5:$N$304,">="&Merit_Scorecard!$B$3,Corrective_Action_Log!$N$5:$N$304,"<="&Merit_Scorecard!$B$4)) | L19: =IF($A19="","",SUMIFS(Merit_Scorecard!$J$7:$J$106,Merit_Scorecard!$C$7:$C$106,$A19)) | M19: =IF($A19="","",SUMIFS(Merit_Scorecard!$K$7:$K$106,Merit_Scorecard!$C$7:$C$106,$A19)) | N19: =IF($A19="","",IFERROR(AVERAGEIF(Merit_Scorecard!$C$7:$C$106,$A19,Merit_Scorecard!$L$7:$L$106),0))
A21: Cost of Quality by Category
A22: COQ Category | B22: Amount (PHP) | C22: Share
A23: =Reference_Data!L5 -> Prevention | B23: =SUMIFS(Qualification_Log!$N$5:$N$304,Qualification_Log!$L$5:$L$304,A23,Qualification_Log!$B$5:$B$304,">="&Merit_Scorecard!$B$3,Qualification_Log!$B$5:$B$304,"<="&Merit_Scorecard!$B$4) -> 8000 | C23: =IF(SUM($B$23:$B$26)=0,0,B23/SUM($B$23:$B$26)) -> 0.097560976
A24: =Reference_Data!L6 -> Appraisal | B24: =SUMIFS(Qualification_Log!$N$5:$N$304,Qualification_Log!$L$5:$L$304,A24,Qualification_Log!$B$5:$B$304,">="&Merit_Scorecard!$B$3,Qualification_Log!$B$5:$B$304,"<="&Merit_Scorecard!$B$4) -> 1500 | C24: =IF(SUM($B$23:$B$26)=0,0,B24/SUM($B$23:$B$26)) -> 0.018292683
A25: =Reference_Data!L7 -> Internal Failure | B25: =SUMIFS(Qualification_Log!$N$5:$N$304,Qualification_Log!$L$5:$L$304,A25,Qualification_Log!$B$5:$B$304,">="&Merit_Scorecard!$B$3,Qualification_Log!$B$5:$B$304,"<="&Merit_Scorecard!$B$4) -> 6000 | C25: =IF(SUM($B$23:$B$26)=0,0,B25/SUM($B$23:$B$26)) -> 0.073170732
A26: =Reference_Data!L8 -> External Failure | B26: =SUMIFS(Qualification_Log!$N$5:$N$304,Qualification_Log!$L$5:$L$304,A26,Qualification_Log!$B$5:$B$304,">="&Merit_Scorecard!$B$3,Qualification_Log!$B$5:$B$304,"<="&Merit_Scorecard!$B$4) -> 66500 | C26: =IF(SUM($B$23:$B$26)=0,0,B26/SUM($B$23:$B$26)) -> 0.81097561
A27: Total | B27: =SUM(B23:B26) -> 82000
A28: Cost of Poor Quality (Internal + External Failure) | C28: =B25+B26 -> 72500

Sheet Merit_Scorecard
A1: Merit Scorecard
A2: Auto-calculated per employee for the review period. Only the two yellow period cells are inputs.
A3: Period Start | B3: 46023 | D3: Net Merit Score = Merit Points (approved recognitions) − Demerit Points (decided corrective actions). Any Critical incident or decertification in the period sets Standing to 'Under Review' regardless of score.
A4: Period End | B4: 46387
A6: Employee ID | B6: Employee Name | C6: Department | D6: Active Certifications | E6: Decertifications | F6: Quality Incidents | G6: Critical Incidents | H6: Cost of Quality (PHP) | I6: Recognitions | J6: Merit Points | K6: Demerit Points | L6: Net Merit Score | M6: Performance Standing | N6: Reward Eligibility | O6: Rank
A7: =IF(Employee_Master!A5="","",Employee_Master!A5) -> E-1001 | B7: =IF($A7="","",Employee_Master!B5) -> Andrea Villanueva | C7: =IF($A7="","",Employee_Master!C5) -> Design | D7: =IF($A7="","",COUNTIFS(Qualification_Log!$C$5:$C$304,$A7,Qualification_Log!$U$5:$U$304,"Active")) -> 2 | E7: =IF($A7="","",COUNTIFS(Qualification_Log!$C$5:$C$304,$A7,Qualification_Log!$Q$5:$Q$304,"Yes",Qualification_Log!$R$5:$R$304,">="&$B$3,Qualification_Log!$R$5:$R$304,"<="&$B$4)) -> 0 | F7: =IF($A7="","",COUNTIFS(Qualification_Log!$C$5:$C$304,$A7,Qualification_Log!$G$5:$G$304,"Quality Incident",Qualification_Log!$B$5:$B$304,">="&$B$3,Qualification_Log!$B$5:$B$304,"<="&$B$4)+COUNTIFS(Qualification_Log!$C$5:$C$304,$A7,Qualification_Log!$G$5:$G$304,"Decertification",Qualification_Log!$O$5:$O$304,"<>",Qualification_Log!$B$5:$B$304,">="&$B$3,Qualification_Log!$B$5:$B$304,"<="&$B$4)) -> 0 | G7: =IF($A7="","",COUNTIFS(Qualification_Log!$C$5:$C$304,$A7,Qualification_Log!$O$5:$O$304,"Critical",Qualification_Log!$B$5:$B$304,">="&$B$3,Qualification_Log!$B$5:$B$304,"<="&$B$4)) -> 0 | H7: =IF($A7="","",SUMIFS(Qualification_Log!$N$5:$N$304,Qualification_Log!$C$5:$C$304,$A7,Qualification_Log!$B$5:$B$304,">="&$B$3,Qualification_Log!$B$5:$B$304,"<="&$B$4)) -> 0 | I7: =IF($A7="","",COUNTIFS(Recognition_Log!$C$5:$C$304,$A7,Recognition_Log!$N$5:$N$304,"Approved",Recognition_Log!$O$5:$O$304,">="&$B$3,Recognition_Log!$O$5:$O$304,"<="&$B$4)) -> 2 | J7: =IF($A7="","",SUMIFS(Recognition_Log!$Q$5:$Q$304,Recognition_Log!$C$5:$C$304,$A7,Recognition_Log!$O$5:$O$304,">="&$B$3,Recognition_Log!$O$5:$O$304,"<="&$B$4)) -> 45 | K7: =IF($A7="","",SUMIFS(Corrective_Action_Log!$T$5:$T$304,Corrective_Action_Log!$C$5:$C$304,$A7,Corrective_Action_Log!$N$5:$N$304,">="&$B$3,Corrective_Action_Log!$N$5:$N$304,"<="&$B$4)) -> 0 | L7: =IF($A7="","",J7-K7) -> 45 | M7: =IF($A7="","",IF(OR(G7>0,E7>0),"Under Review",IF(L7>=Reference_Data!$AL$7,"Exemplary",IF(L7>=Reference_Data!$AL$8,"Commendable",IF(L7>=Reference_Data!$AL$9,"Meets Standard","Needs Improvement"))))) -> Exemplary | N7: =IF($A7="","",IF(OR(G7>0,K7>=Reference_Data!$AL$10),"Ineligible","Eligible")) -> Eligible | O7: =IF($A7="","",RANK(L7,$L$7:$L$106)) -> 1
A8: =IF(Employee_Master!A6="","",Employee_Master!A6) -> E-1002 | B8: =IF($A8="","",Employee_Master!B6) -> Carlo Mendoza | C8: =IF($A8="","",Employee_Master!C6) -> Design | D8: =IF($A8="","",COUNTIFS(Qualification_Log!$C$5:$C$304,$A8,Qualification_Log!$U$5:$U$304,"Active")) -> 1 | E8: =IF($A8="","",COUNTIFS(Qualification_Log!$C$5:$C$304,$A8,Qualification_Log!$Q$5:$Q$304,"Yes",Qualification_Log!$R$5:$R$304,">="&$B$3,Qualification_Log!$R$5:$R$304,"<="&$B$4)) -> 0 | F8: =IF($A8="","",COUNTIFS(Qualification_Log!$C$5:$C$304,$A8,Qualification_Log!$G$5:$G$304,"Quality Incident",Qualification_Log!$B$5:$B$304,">="&$B$3,Qualification_Log!$B$5:$B$304,"<="&$B$4)+COUNTIFS(Qualification_Log!$C$5:$C$304,$A8,Qualification_Log!$G$5:$G$304,"Decertification",Qualification_Log!$O$5:$O$304,"<>",Qualification_Log!$B$5:$B$304,">="&$B$3,Qualification_Log!$B$5:$B$304,"<="&$B$4)) -> 1 | G8: =IF($A8="","",COUNTIFS(Qualification_Log!$C$5:$C$304,$A8,Qualification_Log!$O$5:$O$304,"Critical",Qualification_Log!$B$5:$B$304,">="&$B$3,Qualification_Log!$B$5:$B$304,"<="&$B$4)) -> 0 | H8: =IF($A8="","",SUMIFS(Qualification_Log!$N$5:$N$304,Qualification_Log!$C$5:$C$304,$A8,Qualification_Log!$B$5:$B$304,">="&$B$3,Qualification_Log!$B$5:$B$304,"<="&$B$4)) -> 3500 | I8: =IF($A8="","",COUNTIFS(Recognition_Log!$C$5:$C$304,$A8,Recognition_Log!$N$5:$N$304,"Approved",Recognition_Log!$O$5:$O$304,">="&$B$3,Recognition_Log!$O$5:$O$304,"<="&$B$4)) -> 1 | J8: =IF($A8="","",SUMIFS(Recognition_Log!$Q$5:$Q$304,Recognition_Log!$C$5:$C$304,$A8,Recognition_Log!$O$5:$O$304,">="&$B$3,Recognition_Log!$O$5:$O$304,"<="&$B$4)) -> 15 | K8: =IF($A8="","",SUMIFS(Corrective_Action_Log!$T$5:$T$304,Corrective_Action_Log!$C$5:$C$304,$A8,Corrective_Action_Log!$N$5:$N$304,">="&$B$3,Corrective_Action_Log!$N$5:$N$304,"<="&$B$4)) -> 0 | L8: =IF($A8="","",J8-K8) -> 15 | M8: =IF($A8="","",IF(OR(G8>0,E8>0),"Under Review",IF(L8>=Reference_Data!$AL$7,"Exemplary",IF(L8>=Reference_Data!$AL$8,"Commendable",IF(L8>=Reference_Data!$AL$9,"Meets Standard","Needs Improvement"))))) -> Commendable | N8: =IF($A8="","",IF(OR(G8>0,K8>=Reference_Data!$AL$10),"Ineligible","Eligible")) -> Eligible | O8: =IF($A8="","",RANK(L8,$L$7:$L$106)) -> 3
A9: =IF(Employee_Master!A7="","",Employee_Master!A7) -> E-1003 | B9: =IF($A9="","",Employee_Master!B7) -> Bea Santos | C9: =IF($A9="","",Employee_Master!C7) -> Permitting | D9: =IF($A9="","",COUNTIFS(Qualification_Log!$C$5:$C$304,$A9,Qualification_Log!$U$5:$U$304,"Active")) -> 0 | E9: =IF($A9="","",COUNTIFS(Qualification_Log!$C$5:$C$304,$A9,Qualification_Log!$Q$5:$Q$304,"Yes",Qualification_Log!$R$5:$R$304,">="&$B$3,Qualification_Log!$R$5:$R$304,"<="&$B$4)) -> 0 | F9: =IF($A9="","",COUNTIFS(Qualification_Log!$C$5:$C$304,$A9,Qualification_Log!$G$5:$G$304,"Quality Incident",Qualification_Log!$B$5:$B$304,">="&$B$3,Qualification_Log!$B$5:$B$304,"<="&$B$4)+COUNTIFS(Qualification_Log!$C$5:$C$304,$A9,Qualification_Log!$G$5:$G$304,"Decertification",Qualification_Log!$O$5:$O$304,"<>",Qualification_Log!$B$5:$B$304,">="&$B$3,Qualification_Log!$B$5:$B$304,"<="&$B$4)) -> 0 | G9: =IF($A9="","",COUNTIFS(Qualification_Log!$C$5:$C$304,$A9,Qualification_Log!$O$5:$O$304,"Critical",Qualification_Log!$B$5:$B$304,">="&$B$3,Qualification_Log!$B$5:$B$304,"<="&$B$4)) -> 0 | H9: =IF($A9="","",SUMIFS(Qualification_Log!$N$5:$N$304,Qualification_Log!$C$5:$C$304,$A9,Qualification_Log!$B$5:$B$304,">="&$B$3,Qualification_Log!$B$5:$B$304,"<="&$B$4)) -> 0 | I9: =IF($A9="","",COUNTIFS(Recognition_Log!$C$5:$C$304,$A9,Recognition_Log!$N$5:$N$304,"Approved",Recognition_Log!$O$5:$O$304,">="&$B$3,Recognition_Log!$O$5:$O$304,"<="&$B$4)) -> 1 | J9: =IF($A9="","",SUMIFS(Recognition_Log!$Q$5:$Q$304,Recognition_Log!$C$5:$C$304,$A9,Recognition_Log!$O$5:$O$304,">="&$B$3,Recognition_Log!$O$5:$O$304,"<="&$B$4)) -> 10 | K9: =IF($A9="","",SUMIFS(Corrective_Action_Log!$T$5:$T$304,Corrective_Action_Log!$C$5:$C$304,$A9,Corrective_Action_Log!$N$5:$N$304,">="&$B$3,Corrective_Action_Log!$N$5:$N$304,"<="&$B$4)) -> 0 | L9: =IF($A9="","",J9-K9) -> 10 | M9: =IF($A9="","",IF(OR(G9>0,E9>0),"Under Review",IF(L9>=Reference_Data!$AL$7,"Exemplary",IF(L9>=Reference_Data!$AL$8,"Commendable",IF(L9>=Reference_Data!$AL$9,"Meets Standard","Needs Improvement"))))) -> Meets Standard | N9: =IF($A9="","",IF(OR(G9>0,K9>=Reference_Data!$AL$10),"Ineligible","Eligible")) -> Eligible | O9: =IF($A9="","",RANK(L9,$L$7:$L$106)) -> 6
A10: =IF(Employee_Master!A8="","",Employee_Master!A8) -> E-1004 | B10: =IF($A10="","",Employee_Master!B8) -> Daniel Reyes | C10: =IF($A10="","",Employee_Master!C8) -> Permitting | D10: =IF($A10="","",COUNTIFS(Qualification_Log!$C$5:$C$304,$A10,Qualification_Log!$U$5:$U$304,"Active")) -> 1 | E10: =IF($A10="","",COUNTIFS(Qualification_Log!$C$5:$C$304,$A10,Qualification_Log!$Q$5:$Q$304,"Yes",Qualification_Log!$R$5:$R$304,">="&$B$3,Qualification_Log!$R$5:$R$304,"<="&$B$4)) -> 0 | F10: =IF($A10="","",COUNTIFS(Qualification_Log!$C$5:$C$304,$A10,Qualification_Log!$G$5:$G$304,"Quality Incident",Qualification_Log!$B$5:$B$304,">="&$B$3,Qualification_Log!$B$5:$B$304,"<="&$B$4)+COUNTIFS(Qualification_Log!$C$5:$C$304,$A10,Qualification_Log!$G$5:$G$304,"Decertification",Qualification_Log!$O$5:$O$304,"<>",Qualification_Log!$B$5:$B$304,">="&$B$3,Qualification_Log!$B$5:$B$304,"<="&$B$4)) -> 1 | G10: =IF($A10="","",COUNTIFS(Qualification_Log!$C$5:$C$304,$A10,Qualification_Log!$O$5:$O$304,"Critical",Qualification_Log!$B$5:$B$304,">="&$B$3,Qualification_Log!$B$5:$B$304,"<="&$B$4)) -> 0 | H10: =IF($A10="","",SUMIFS(Qualification_Log!$N$5:$N$304,Qualification_Log!$C$5:$C$304,$A10,Qualification_Log!$B$5:$B$304,">="&$B$3,Qualification_Log!$B$5:$B$304,"<="&$B$4)) -> 9500 | I10: =IF($A10="","",COUNTIFS(Recognition_Log!$C$5:$C$304,$A10,Recognition_Log!$N$5:$N$304,"Approved",Recognition_Log!$O$5:$O$304,">="&$B$3,Recognition_Log!$O$5:$O$304,"<="&$B$4)) -> 0 | J10: =IF($A10="","",SUMIFS(Recognition_Log!$Q$5:$Q$304,Recognition_Log!$C$5:$C$304,$A10,Recognition_Log!$O$5:$O$304,">="&$B$3,Recognition_Log!$O$5:$O$304,"<="&$B$4)) -> 0 | K10: =IF($A10="","",SUMIFS(Corrective_Action_Log!$T$5:$T$304,Corrective_Action_Log!$C$5:$C$304,$A10,Corrective_Action_Log!$N$5:$N$304,">="&$B$3,Corrective_Action_Log!$N$5:$N$304,"<="&$B$4)) -> 0 | L10: =IF($A10="","",J10-K10) -> 0 | M10: =IF($A10="","",IF(OR(G10>0,E10>0),"Under Review",IF(L10>=Reference_Data!$AL$7,"Exemplary",IF(L10>=Reference_Data!$AL$8,"Commendable",IF(L10>=Reference_Data!$AL$9,"Meets Standard","Needs Improvement"))))) -> Meets Standard | N10: =IF($A10="","",IF(OR(G10>0,K10>=Reference_Data!$AL$10),"Ineligible","Eligible")) -> Eligible | O10: =IF($A10="","",RANK(L10,$L$7:$L$106)) -> 7
A11: =IF(Employee_Master!A9="","",Employee_Master!A9) -> E-1005 | B11: =IF($A11="","",Employee_Master!B9) -> Ella Navarro | C11: =IF($A11="","",Employee_Master!C9) -> Interconnection | D11: =IF($A11="","",COUNTIFS(Qualification_Log!$C$5:$C$304,$A11,Qualification_Log!$U$5:$U$304,"Active")) -> 1 | E11: =IF($A11="","",COUNTIFS(Qualification_Log!$C$5:$C$304,$A11,Qualification_Log!$Q$5:$Q$304,"Yes",Qualification_Log!$R$5:$R$304,">="&$B$3,Qualification_Log!$R$5:$R$304,"<="&$B$4)) -> 0 | F11: =IF($A11="","",COUNTIFS(Qualification_Log!$C$5:$C$304,$A11,Qualification_Log!$G$5:$G$304,"Quality Incident",Qualification_Log!$B$5:$B$304,">="&$B$3,Qualification_Log!$B$5:$B$304,"<="&$B$4)+COUNTIFS(Qualification_Log!$C$5:$C$304,$A11,Qualification_Log!$G$5:$G$304,"Decertification",Qualification_Log!$O$5:$O$304,"<>",Qualification_Log!$B$5:$B$304,">="&$B$3,Qualification_Log!$B$5:$B$304,"<="&$B$4)) -> 0 | G11: =IF($A11="","",COUNTIFS(Qualification_Log!$C$5:$C$304,$A11,Qualification_Log!$O$5:$O$304,"Critical",Qualification_Log!$B$5:$B$304,">="&$B$3,Qualification_Log!$B$5:$B$304,"<="&$B$4)) -> 0 | H11: =IF($A11="","",SUMIFS(Qualification_Log!$N$5:$N$304,Qualification_Log!$C$5:$C$304,$A11,Qualification_Log!$B$5:$B$304,">="&$B$3,Qualification_Log!$B$5:$B$304,"<="&$B$4)) -> 0 | I11: =IF($A11="","",COUNTIFS(Recognition_Log!$C$5:$C$304,$A11,Recognition_Log!$N$5:$N$304,"Approved",Recognition_Log!$O$5:$O$304,">="&$B$3,Recognition_Log!$O$5:$O$304,"<="&$B$4)) -> 1 | J11: =IF($A11="","",SUMIFS(Recognition_Log!$Q$5:$Q$304,Recognition_Log!$C$5:$C$304,$A11,Recognition_Log!$O$5:$O$304,">="&$B$3,Recognition_Log!$O$5:$O$304,"<="&$B$4)) -> 15 | K11: =IF($A11="","",SUMIFS(Corrective_Action_Log!$T$5:$T$304,Corrective_Action_Log!$C$5:$C$304,$A11,Corrective_Action_Log!$N$5:$N$304,">="&$B$3,Corrective_Action_Log!$N$5:$N$304,"<="&$B$4)) -> 0 | L11: =IF($A11="","",J11-K11) -> 15 | M11: =IF($A11="","",IF(OR(G11>0,E11>0),"Under Review",IF(L11>=Reference_Data!$AL$7,"Exemplary",IF(L11>=Reference_Data!$AL$8,"Commendable",IF(L11>=Reference_Data!$AL$9,"Meets Standard","Needs Improvement"))))) -> Commendable | N11: =IF($A11="","",IF(OR(G11>0,K11>=Reference_Data!$AL$10),"Ineligible","Eligible")) -> Eligible | O11: =IF($A11="","",RANK(L11,$L$7:$L$106)) -> 3
A12: =IF(Employee_Master!A10="","",Employee_Master!A10) -> E-1006 | B12: =IF($A12="","",Employee_Master!B10) -> Francis Aquino | C12: =IF($A12="","",Employee_Master!C10) -> Interconnection | D12: =IF($A12="","",COUNTIFS(Qualification_Log!$C$5:$C$304,$A12,Qualification_Log!$U$5:$U$304,"Active")) -> 1 | E12: =IF($A12="","",COUNTIFS(Qualification_Log!$C$5:$C$304,$A12,Qualification_Log!$Q$5:$Q$304,"Yes",Qualification_Log!$R$5:$R$304,">="&$B$3,Qualification_Log!$R$5:$R$304,"<="&$B$4)) -> 0 | F12: =IF($A12="","",COUNTIFS(Qualification_Log!$C$5:$C$304,$A12,Qualification_Log!$G$5:$G$304,"Quality Incident",Qualification_Log!$B$5:$B$304,">="&$B$3,Qualification_Log!$B$5:$B$304,"<="&$B$4)+COUNTIFS(Qualification_Log!$C$5:$C$304,$A12,Qualification_Log!$G$5:$G$304,"Decertification",Qualification_Log!$O$5:$O$304,"<>",Qualification_Log!$B$5:$B$304,">="&$B$3,Qualification_Log!$B$5:$B$304,"<="&$B$4)) -> 1 | G12: =IF($A12="","",COUNTIFS(Qualification_Log!$C$5:$C$304,$A12,Qualification_Log!$O$5:$O$304,"Critical",Qualification_Log!$B$5:$B$304,">="&$B$3,Qualification_Log!$B$5:$B$304,"<="&$B$4)) -> 0 | H12: =IF($A12="","",SUMIFS(Qualification_Log!$N$5:$N$304,Qualification_Log!$C$5:$C$304,$A12,Qualification_Log!$B$5:$B$304,">="&$B$3,Qualification_Log!$B$5:$B$304,"<="&$B$4)) -> 2500 | I12: =IF($A12="","",COUNTIFS(Recognition_Log!$C$5:$C$304,$A12,Recognition_Log!$N$5:$N$304,"Approved",Recognition_Log!$O$5:$O$304,">="&$B$3,Recognition_Log!$O$5:$O$304,"<="&$B$4)) -> 0 | J12: =IF($A12="","",SUMIFS(Recognition_Log!$Q$5:$Q$304,Recognition_Log!$C$5:$C$304,$A12,Recognition_Log!$O$5:$O$304,">="&$B$3,Recognition_Log!$O$5:$O$304,"<="&$B$4)) -> 0 | K12: =IF($A12="","",SUMIFS(Corrective_Action_Log!$T$5:$T$304,Corrective_Action_Log!$C$5:$C$304,$A12,Corrective_Action_Log!$N$5:$N$304,">="&$B$3,Corrective_Action_Log!$N$5:$N$304,"<="&$B$4)) -> 0 | L12: =IF($A12="","",J12-K12) -> 0 | M12: =IF($A12="","",IF(OR(G12>0,E12>0),"Under Review",IF(L12>=Reference_Data!$AL$7,"Exemplary",IF(L12>=Reference_Data!$AL$8,"Commendable",IF(L12>=Reference_Data!$AL$9,"Meets Standard","Needs Improvement"))))) -> Meets Standard | N12: =IF($A12="","",IF(OR(G12>0,K12>=Reference_Data!$AL$10),"Ineligible","Eligible")) -> Eligible | O12: =IF($A12="","",RANK(L12,$L$7:$L$106)) -> 7
A13: =IF(Employee_Master!A11="","",Employee_Master!A11) -> E-1007 | B13: =IF($A13="","",Employee_Master!B11) -> Grace Bautista | C13: =IF($A13="","",Employee_Master!C11) -> Quality Assurance | D13: =IF($A13="","",COUNTIFS(Qualification_Log!$C$5:$C$304,$A13,Qualification_Log!$U$5:$U$304,"Active")) -> 1 | E13: =IF($A13="","",COUNTIFS(Qualification_Log!$C$5:$C$304,$A13,Qualification_Log!$Q$5:$Q$304,"Yes",Qualification_Log!$R$5:$R$304,">="&$B$3,Qualification_Log!$R$5:$R$304,"<="&$B$4)) -> 0 | F13: =IF($A13="","",COUNTIFS(Qualification_Log!$C$5:$C$304,$A13,Qualification_Log!$G$5:$G$304,"Quality Incident",Qualification_Log!$B$5:$B$304,">="&$B$3,Qualification_Log!$B$5:$B$304,"<="&$B$4)+COUNTIFS(Qualification_Log!$C$5:$C$304,$A13,Qualification_Log!$G$5:$G$304,"Decertification",Qualification_Log!$O$5:$O$304,"<>",Qualification_Log!$B$5:$B$304,">="&$B$3,Qualification_Log!$B$5:$B$304,"<="&$B$4)) -> 0 | G13: =IF($A13="","",COUNTIFS(Qualification_Log!$C$5:$C$304,$A13,Qualification_Log!$O$5:$O$304,"Critical",Qualification_Log!$B$5:$B$304,">="&$B$3,Qualification_Log!$B$5:$B$304,"<="&$B$4)) -> 0 | H13: =IF($A13="","",SUMIFS(Qualification_Log!$N$5:$N$304,Qualification_Log!$C$5:$C$304,$A13,Qualification_Log!$B$5:$B$304,">="&$B$3,Qualification_Log!$B$5:$B$304,"<="&$B$4)) -> 1500 | I13: =IF($A13="","",COUNTIFS(Recognition_Log!$C$5:$C$304,$A13,Recognition_Log!$N$5:$N$304,"Approved",Recognition_Log!$O$5:$O$304,">="&$B$3,Recognition_Log!$O$5:$O$304,"<="&$B$4)) -> 1 | J13: =IF($A13="","",SUMIFS(Recognition_Log!$Q$5:$Q$304,Recognition_Log!$C$5:$C$304,$A13,Recognition_Log!$O$5:$O$304,">="&$B$3,Recognition_Log!$O$5:$O$304,"<="&$B$4)) -> 20 | K13: =IF($A13="","",SUMIFS(Corrective_Action_Log!$T$5:$T$304,Corrective_Action_Log!$C$5:$C$304,$A13,Corrective_Action_Log!$N$5:$N$304,">="&$B$3,Corrective_Action_Log!$N$5:$N$304,"<="&$B$4)) -> 0 | L13: =IF($A13="","",J13-K13) -> 20 | M13: =IF($A13="","",IF(OR(G13>0,E13>0),"Under Review",IF(L13>=Reference_Data!$AL$7,"Exemplary",IF(L13>=Reference_Data!$AL$8,"Commendable",IF(L13>=Reference_Data!$AL$9,"Meets Standard","Needs Improvement"))))) -> Commendable | N13: =IF($A13="","",IF(OR(G13>0,K13>=Reference_Data!$AL$10),"Ineligible","Eligible")) -> Eligible | O13: =IF($A13="","",RANK(L13,$L$7:$L$106)) -> 2
A14: =IF(Employee_Master!A12="","",Employee_Master!A12) -> E-1008 | B14: =IF($A14="","",Employee_Master!B12) -> Hector Lim | C14: =IF($A14="","",Employee_Master!C12) -> Quality Assurance | D14: =IF($A14="","",COUNTIFS(Qualification_Log!$C$5:$C$304,$A14,Qualification_Log!$U$5:$U$304,"Active")) -> 1 | E14: =IF($A14="","",COUNTIFS(Qualification_Log!$C$5:$C$304,$A14,Qualification_Log!$Q$5:$Q$304,"Yes",Qualification_Log!$R$5:$R$304,">="&$B$3,Qualification_Log!$R$5:$R$304,"<="&$B$4)) -> 0 | F14: =IF($A14="","",COUNTIFS(Qualification_Log!$C$5:$C$304,$A14,Qualification_Log!$G$5:$G$304,"Quality Incident",Qualification_Log!$B$5:$B$304,">="&$B$3,Qualification_Log!$B$5:$B$304,"<="&$B$4)+COUNTIFS(Qualification_Log!$C$5:$C$304,$A14,Qualification_Log!$G$5:$G$304,"Decertification",Qualification_Log!$O$5:$O$304,"<>",Qualification_Log!$B$5:$B$304,">="&$B$3,Qualification_Log!$B$5:$B$304,"<="&$B$4)) -> 0 | G14: =IF($A14="","",COUNTIFS(Qualification_Log!$C$5:$C$304,$A14,Qualification_Log!$O$5:$O$304,"Critical",Qualification_Log!$B$5:$B$304,">="&$B$3,Qualification_Log!$B$5:$B$304,"<="&$B$4)) -> 0 | H14: =IF($A14="","",SUMIFS(Qualification_Log!$N$5:$N$304,Qualification_Log!$C$5:$C$304,$A14,Qualification_Log!$B$5:$B$304,">="&$B$3,Qualification_Log!$B$5:$B$304,"<="&$B$4)) -> 8000 | I14: =IF($A14="","",COUNTIFS(Recognition_Log!$C$5:$C$304,$A14,Recognition_Log!$N$5:$N$304,"Approved",Recognition_Log!$O$5:$O$304,">="&$B$3,Recognition_Log!$O$5:$O$304,"<="&$B$4)) -> 1 | J14: =IF($A14="","",SUMIFS(Recognition_Log!$Q$5:$Q$304,Recognition_Log!$C$5:$C$304,$A14,Recognition_Log!$O$5:$O$304,">="&$B$3,Recognition_Log!$O$5:$O$304,"<="&$B$4)) -> 15 | K14: =IF($A14="","",SUMIFS(Corrective_Action_Log!$T$5:$T$304,Corrective_Action_Log!$C$5:$C$304,$A14,Corrective_Action_Log!$N$5:$N$304,">="&$B$3,Corrective_Action_Log!$N$5:$N$304,"<="&$B$4)) -> 0 | L14: =IF($A14="","",J14-K14) -> 15 | M14: =IF($A14="","",IF(OR(G14>0,E14>0),"Under Review",IF(L14>=Reference_Data!$AL$7,"Exemplary",IF(L14>=Reference_Data!$AL$8,"Commendable",IF(L14>=Reference_Data!$AL$9,"Meets Standard","Needs Improvement"))))) -> Commendable | N14: =IF($A14="","",IF(OR(G14>0,K14>=Reference_Data!$AL$10),"Ineligible","Eligible")) -> Eligible | O14: =IF($A14="","",RANK(L14,$L$7:$L$106)) -> 3
A15: =IF(Employee_Master!A13="","",Employee_Master!A13) -> E-1009 | B15: =IF($A15="","",Employee_Master!B13) -> Ivy Castillo | C15: =IF($A15="","",Employee_Master!C13) -> Project Management | D15: =IF($A15="","",COUNTIFS(Qualification_Log!$C$5:$C$304,$A15,Qualification_Log!$U$5:$U$304,"Active")) -> 0 | E15: =IF($A15="","",COUNTIFS(Qualification_Log!$C$5:$C$304,$A15,Qualification_Log!$Q$5:$Q$304,"Yes",Qualification_Log!$R$5:$R$304,">="&$B$3,Qualification_Log!$R$5:$R$304,"<="&$B$4)) -> 0 | F15: =IF($A15="","",COUNTIFS(Qualification_Log!$C$5:$C$304,$A15,Qualification_Log!$G$5:$G$304,"Quality Incident",Qualification_Log!$B$5:$B$304,">="&$B$3,Qualification_Log!$B$5:$B$304,"<="&$B$4)+COUNTIFS(Qualification_Log!$C$5:$C$304,$A15,Qualification_Log!$G$5:$G$304,"Decertification",Qualification_Log!$O$5:$O$304,"<>",Qualification_Log!$B$5:$B$304,">="&$B$3,Qualification_Log!$B$5:$B$304,"<="&$B$4)) -> 0 | G15: =IF($A15="","",COUNTIFS(Qualification_Log!$C$5:$C$304,$A15,Qualification_Log!$O$5:$O$304,"Critical",Qualification_Log!$B$5:$B$304,">="&$B$3,Qualification_Log!$B$5:$B$304,"<="&$B$4)) -> 0 | H15: =IF($A15="","",SUMIFS(Qualification_Log!$N$5:$N$304,Qualification_Log!$C$5:$C$304,$A15,Qualification_Log!$B$5:$B$304,">="&$B$3,Qualification_Log!$B$5:$B$304,"<="&$B$4)) -> 0 | I15: =IF($A15="","",COUNTIFS(Recognition_Log!$C$5:$C$304,$A15,Recognition_Log!$N$5:$N$304,"Approved",Recognition_Log!$O$5:$O$304,">="&$B$3,Recognition_Log!$O$5:$O$304,"<="&$B$4)) -> 0 | J15: =IF($A15="","",SUMIFS(Recognition_Log!$Q$5:$Q$304,Recognition_Log!$C$5:$C$304,$A15,Recognition_Log!$O$5:$O$304,">="&$B$3,Recognition_Log!$O$5:$O$304,"<="&$B$4)) -> 0 | K15: =IF($A15="","",SUMIFS(Corrective_Action_Log!$T$5:$T$304,Corrective_Action_Log!$C$5:$C$304,$A15,Corrective_Action_Log!$N$5:$N$304,">="&$B$3,Corrective_Action_Log!$N$5:$N$304,"<="&$B$4)) -> 5 | L15: =IF($A15="","",J15-K15) -> -5 | M15: =IF($A15="","",IF(OR(G15>0,E15>0),"Under Review",IF(L15>=Reference_Data!$AL$7,"Exemplary",IF(L15>=Reference_Data!$AL$8,"Commendable",IF(L15>=Reference_Data!$AL$9,"Meets Standard","Needs Improvement"))))) -> Needs Improvement | N15: =IF($A15="","",IF(OR(G15>0,K15>=Reference_Data!$AL$10),"Ineligible","Eligible")) -> Eligible | O15: =IF($A15="","",RANK(L15,$L$7:$L$106)) -> 9
A16: =IF(Employee_Master!A14="","",Employee_Master!A14) -> E-1010 | B16: =IF($A16="","",Employee_Master!B14) -> Jomar Dela Cruz | C16: =IF($A16="","",Employee_Master!C14) -> Design | D16: =IF($A16="","",COUNTIFS(Qualification_Log!$C$5:$C$304,$A16,Qualification_Log!$U$5:$U$304,"Active")) -> 1 | E16: =IF($A16="","",COUNTIFS(Qualification_Log!$C$5:$C$304,$A16,Qualification_Log!$Q$5:$Q$304,"Yes",Qualification_Log!$R$5:$R$304,">="&$B$3,Qualification_Log!$R$5:$R$304,"<="&$B$4)) -> 1 | F16: =IF($A16="","",COUNTIFS(Qualification_Log!$C$5:$C$304,$A16,Qualification_Log!$G$5:$G$304,"Quality Incident",Qualification_Log!$B$5:$B$304,">="&$B$3,Qualification_Log!$B$5:$B$304,"<="&$B$4)+COUNTIFS(Qualification_Log!$C$5:$C$304,$A16,Qualification_Log!$G$5:$G$304,"Decertification",Qualification_Log!$O$5:$O$304,"<>",Qualification_Log!$B$5:$B$304,">="&$B$3,Qualification_Log!$B$5:$B$304,"<="&$B$4)) -> 2 | G16: =IF($A16="","",COUNTIFS(Qualification_Log!$C$5:$C$304,$A16,Qualification_Log!$O$5:$O$304,"Critical",Qualification_Log!$B$5:$B$304,">="&$B$3,Qualification_Log!$B$5:$B$304,"<="&$B$4)) -> 1 | H16: =IF($A16="","",SUMIFS(Qualification_Log!$N$5:$N$304,Qualification_Log!$C$5:$C$304,$A16,Qualification_Log!$B$5:$B$304,">="&$B$3,Qualification_Log!$B$5:$B$304,"<="&$B$4)) -> 57000 | I16: =IF($A16="","",COUNTIFS(Recognition_Log!$C$5:$C$304,$A16,Recognition_Log!$N$5:$N$304,"Approved",Recognition_Log!$O$5:$O$304,">="&$B$3,Recognition_Log!$O$5:$O$304,"<="&$B$4)) -> 0 | J16: =IF($A16="","",SUMIFS(Recognition_Log!$Q$5:$Q$304,Recognition_Log!$C$5:$C$304,$A16,Recognition_Log!$O$5:$O$304,">="&$B$3,Recognition_Log!$O$5:$O$304,"<="&$B$4)) -> 0 | K16: =IF($A16="","",SUMIFS(Corrective_Action_Log!$T$5:$T$304,Corrective_Action_Log!$C$5:$C$304,$A16,Corrective_Action_Log!$N$5:$N$304,">="&$B$3,Corrective_Action_Log!$N$5:$N$304,"<="&$B$4)) -> 45 | L16: =IF($A16="","",J16-K16) -> -45 | M16: =IF($A16="","",IF(OR(G16>0,E16>0),"Under Review",IF(L16>=Reference_Data!$AL$7,"Exemplary",IF(L16>=Reference_Data!$AL$8,"Commendable",IF(L16>=Reference_Data!$AL$9,"Meets Standard","Needs Improvement"))))) -> Under Review | N16: =IF($A16="","",IF(OR(G16>0,K16>=Reference_Data!$AL$10),"Ineligible","Eligible")) -> Ineligible | O16: =IF($A16="","",RANK(L16,$L$7:$L$106)) -> 10
A17: =IF(Employee_Master!A15="","",Employee_Master!A15) | B17: =IF($A17="","",Employee_Master!B15) | C17: =IF($A17="","",Employee_Master!C15) | D17: =IF($A17="","",COUNTIFS(Qualification_Log!$C$5:$C$304,$A17,Qualification_Log!$U$5:$U$304,"Active")) | E17: =IF($A17="","",COUNTIFS(Qualification_Log!$C$5:$C$304,$A17,Qualification_Log!$Q$5:$Q$304,"Yes",Qualification_Log!$R$5:$R$304,">="&$B$3,Qualification_Log!$R$5:$R$304,"<="&$B$4)) | F17: =IF($A17="","",COUNTIFS(Qualification_Log!$C$5:$C$304,$A17,Qualification_Log!$G$5:$G$304,"Quality Incident",Qualification_Log!$B$5:$B$304,">="&$B$3,Qualification_Log!$B$5:$B$304,"<="&$B$4)+COUNTIFS(Qualification_Log!$C$5:$C$304,$A17,Qualification_Log!$G$5:$G$304,"Decertification",Qualification_Log!$O$5:$O$304,"<>",Qualification_Log!$B$5:$B$304,">="&$B$3,Qualification_Log!$B$5:$B$304,"<="&$B$4)) | G17: =IF($A17="","",COUNTIFS(Qualification_Log!$C$5:$C$304,$A17,Qualification_Log!$O$5:$O$304,"Critical",Qualification_Log!$B$5:$B$304,">="&$B$3,Qualification_Log!$B$5:$B$304,"<="&$B$4)) | H17: =IF($A17="","",SUMIFS(Qualification_Log!$N$5:$N$304,Qualification_Log!$C$5:$C$304,$A17,Qualification_Log!$B$5:$B$304,">="&$B$3,Qualification_Log!$B$5:$B$304,"<="&$B$4)) | I17: =IF($A17="","",COUNTIFS(Recognition_Log!$C$5:$C$304,$A17,Recognition_Log!$N$5:$N$304,"Approved",Recognition_Log!$O$5:$O$304,">="&$B$3,Recognition_Log!$O$5:$O$304,"<="&$B$4)) | J17: =IF($A17="","",SUMIFS(Recognition_Log!$Q$5:$Q$304,Recognition_Log!$C$5:$C$304,$A17,Recognition_Log!$O$5:$O$304,">="&$B$3,Recognition_Log!$O$5:$O$304,"<="&$B$4)) | K17: =IF($A17="","",SUMIFS(Corrective_Action_Log!$T$5:$T$304,Corrective_Action_Log!$C$5:$C$304,$A17,Corrective_Action_Log!$N$5:$N$304,">="&$B$3,Corrective_Action_Log!$N$5:$N$304,"<="&$B$4)) | L17: =IF($A17="","",J17-K17) | M17: =IF($A17="","",IF(OR(G17>0,E17>0),"Under Review",IF(L17>=Reference_Data!$AL$7,"Exemplary",IF(L17>=Reference_Data!$AL$8,"Commendable",IF(L17>=Reference_Data!$AL$9,"Meets Standard","Needs Improvement"))))) | N17: =IF($A17="","",IF(OR(G17>0,K17>=Reference_Data!$AL$10),"Ineligible","Eligible")) | O17: =IF($A17="","",RANK(L17,$L$7:$L$106))
A18: =IF(Employee_Master!A16="","",Employee_Master!A16) | B18: =IF($A18="","",Employee_Master!B16) | C18: =IF($A18="","",Employee_Master!C16) | D18: =IF($A18="","",COUNTIFS(Qualification_Log!$C$5:$C$304,$A18,Qualification_Log!$U$5:$U$304,"Active")) | E18: =IF($A18="","",COUNTIFS(Qualification_Log!$C$5:$C$304,$A18,Qualification_Log!$Q$5:$Q$304,"Yes",Qualification_Log!$R$5:$R$304,">="&$B$3,Qualification_Log!$R$5:$R$304,"<="&$B$4)) | F18: =IF($A18="","",COUNTIFS(Qualification_Log!$C$5:$C$304,$A18,Qualification_Log!$G$5:$G$304,"Quality Incident",Qualification_Log!$B$5:$B$304,">="&$B$3,Qualification_Log!$B$5:$B$304,"<="&$B$4)+COUNTIFS(Qualification_Log!$C$5:$C$304,$A18,Qualification_Log!$G$5:$G$304,"Decertification",Qualification_Log!$O$5:$O$304,"<>",Qualification_Log!$B$5:$B$304,">="&$B$3,Qualification_Log!$B$5:$B$304,"<="&$B$4)) | G18: =IF($A18="","",COUNTIFS(Qualification_Log!$C$5:$C$304,$A18,Qualification_Log!$O$5:$O$304,"Critical",Qualification_Log!$B$5:$B$304,">="&$B$3,Qualification_Log!$B$5:$B$304,"<="&$B$4)) | H18: =IF($A18="","",SUMIFS(Qualification_Log!$N$5:$N$304,Qualification_Log!$C$5:$C$304,$A18,Qualification_Log!$B$5:$B$304,">="&$B$3,Qualification_Log!$B$5:$B$304,"<="&$B$4)) | I18: =IF($A18="","",COUNTIFS(Recognition_Log!$C$5:$C$304,$A18,Recognition_Log!$N$5:$N$304,"Approved",Recognition_Log!$O$5:$O$304,">="&$B$3,Recognition_Log!$O$5:$O$304,"<="&$B$4)) | J18: =IF($A18="","",SUMIFS(Recognition_Log!$Q$5:$Q$304,Recognition_Log!$C$5:$C$304,$A18,Recognition_Log!$O$5:$O$304,">="&$B$3,Recognition_Log!$O$5:$O$304,"<="&$B$4)) | K18: =IF($A18="","",SUMIFS(Corrective_Action_Log!$T$5:$T$304,Corrective_Action_Log!$C$5:$C$304,$A18,Corrective_Action_Log!$N$5:$N$304,">="&$B$3,Corrective_Action_Log!$N$5:$N$304,"<="&$B$4)) | L18: =IF($A18="","",J18-K18) | M18: =IF($A18="","",IF(OR(G18>0,E18>0),"Under Review",IF(L18>=Reference_Data!$AL$7,"Exemplary",IF(L18>=Reference_Data!$AL$8,"Commendable",IF(L18>=Reference_Data!$AL$9,"Meets Standard","Needs Improvement"))))) | N18: =IF($A18="","",IF(OR(G18>0,K18>=Reference_Data!$AL$10),"Ineligible","Eligible")) | O18: =IF($A18="","",RANK(L18,$L$7:$L$106))
... A106: =IF(Employee_Master!A104="","",Employee_Master!A104) | B106: =IF($A106="","",Employee_Master!B104) | C106: =IF($A106="","",Employee_Master!C104) | D106: =IF($A106="","",COUNTIFS(Qualification_Log!$C$5:$C$304,$A106,Qualification_Log!$U$5:$U$304,"Active")) | E106: =IF($A106="","",COUNTIFS(Qualification_Log!$C$5:$C$304,$A106,Qualification_Log!$Q$5:$Q$304,"Yes",Qualification_Log!$R$5:$R$304,">="&$B$3,Qualification_Log!$R$5:$R$304,"<="&$B$4)) | F106: =IF($A106="","",COUNTIFS(Qualification_Log!$C$5:$C$304,$A106,Qualification_Log!$G$5:$G$304,"Quality Incident",Qualification_Log!$B$5:$B$304,">="&$B$3,Qualification_Log!$B$5:$B$304,"<="&$B$4)+COUNTIFS(Qualification_Log!$C$5:$C$304,$A106,Qualification_Log!$G$5:$G$304,"Decertification",Qualification_Log!$O$5:$O$304,"<>",Qualification_Log!$B$5:$B$304,">="&$B$3,Qualification_Log!$B$5:$B$304,"<="&$B$4)) | G106: =IF($A106="","",COUNTIFS(Qualification_Log!$C$5:$C$304,$A106,Qualification_Log!$O$5:$O$304,"Critical",Qualification_Log!$B$5:$B$304,">="&$B$3,Qualification_Log!$B$5:$B$304,"<="&$B$4)) | H106: =IF($A106="","",SUMIFS(Qualification_Log!$N$5:$N$304,Qualification_Log!$C$5:$C$304,$A106,Qualification_Log!$B$5:$B$304,">="&$B$3,Qualification_Log!$B$5:$B$304,"<="&$B$4)) | I106: =IF($A106="","",COUNTIFS(Recognition_Log!$C$5:$C$304,$A106,Recognition_Log!$N$5:$N$304,"Approved",Recognition_Log!$O$5:$O$304,">="&$B$3,Recognition_Log!$O$5:$O$304,"<="&$B$4)) | J106: =IF($A106="","",SUMIFS(Recognition_Log!$Q$5:$Q$304,Recognition_Log!$C$5:$C$304,$A106,Recognition_Log!$O$5:$O$304,">="&$B$3,Recognition_Log!$O$5:$O$304,"<="&$B$4)) | K106: =IF($A106="","",SUMIFS(Corrective_Action_Log!$T$5:$T$304,Corrective_Action_Log!$C$5:$C$304,$A106,Corrective_Action_Log!$N$5:$N$304,">="&$B$3,Corrective_Action_Log!$N$5:$N$304,"<="&$B$4)) | L106: =IF($A106="","",J106-K106) | M106: =IF($A106="","",IF(OR(G106>0,E106>0),"Under Review",IF(L106>=Reference_Data!$AL$7,"Exemplary",IF(L106>=Reference_Data!$AL$8,"Commendable",IF(L106>=Reference_Data!$AL$9,"Meets Standard","Needs Improvement"))))) | N106: =IF($A106="","",IF(OR(G106>0,K106>=Reference_Data!$AL$10),"Ineligible","Eligible")) | O106: =IF($A106="","",RANK(L106,$L$7:$L$106))

Sheet Qualification_Log
A1: Process Qualification & Performance Log
A2: Log every certification, assessment, quality incident (with Cost of Quality), and decertification. One event per row.
A3: Legend: Navy header = input (enter / select from dropdown) | Grey header + shaded cells = auto-calculated (do not overwrite)
A4: Log ID | B4: Entry Date | C4: Employee ID | D4: Employee Name | E4: Department | F4: Process | G4: Event Type | H4: Certification Level | I4: Assessment Score | J4: Certification Date | K4: Certification Expiry | L4: COQ Category | M4: Defect / COQ Description | N4: COQ Amount (PHP) | O4: Severity | P4: Recommended Action | Q4: Decertification (Yes/No) | R4: Decertification Date | S4: Decertification Reason | T4: Recertification Due | U4: Certification Status | V4: Process Trainer / Assessor | W4: Remarks
A5: QL-0001 | B5: 46037 | C5: E-1001 | D5: =IF($C5="","",IFERROR(INDEX(Employee_Master!$B$5:$B$104,MATCH($C5,Employee_Master!$A$5:$A$104,0)),"ID not found")) -> Andrea Villanueva | E5: =IF($C5="","",IFERROR(INDEX(Employee_Master!$C$5:$C$104,MATCH($C5,Employee_Master!$A$5:$A$104,0)),"ID not found")) -> Design | F5: Solar PV Permit Plan Set Design | G5: Initial Certification | H5: Certified (L2) | I5: 0.94 | J5: 46037 | K5: =IF(J5="","",EDATE(J5,Reference_Data!$AL$5)) -> 46402 | P5: =IF(O5="","",IFERROR(INDEX(Reference_Data!$J$5:$J$14,MATCH(O5,Reference_Data!$H$5:$H$14,0)),"")) | Q5: No | T5: =IF(R5="","",R5+Reference_Data!$AL$6) | U5: =IF(C5="","",IF(Q5="Yes","Decertification Record",IF(J5="","—",IF(COUNTIFS($C$5:$C$304,C5,$F$5:$F$304,F5,$J$5:$J$304,">"&J5)>0,"Superseded",IF(COUNTIFS($C$5:$C$304,C5,$F$5:$F$304,F5,$R$5:$R$304,">="&J5)>0,"Decertified",IF(K5<TODAY(),"Expired","Active")))))) -> Active | V5: P. Garcia
A6: QL-0002 | B6: 46042 | C6: E-1002 | D6: =IF($C6="","",IFERROR(INDEX(Employee_Master!$B$5:$B$104,MATCH($C6,Employee_Master!$A$5:$A$104,0)),"ID not found")) -> Carlo Mendoza | E6: =IF($C6="","",IFERROR(INDEX(Employee_Master!$C$5:$C$104,MATCH($C6,Employee_Master!$A$5:$A$104,0)),"ID not found")) -> Design | F6: Solar PV Permit Plan Set Design | G6: Initial Certification | H6: Qualified (L1) | I6: 0.86 | J6: 46042 | K6: =IF(J6="","",EDATE(J6,Reference_Data!$AL$5)) -> 46407 | P6: =IF(O6="","",IFERROR(INDEX(Reference_Data!$J$5:$J$14,MATCH(O6,Reference_Data!$H$5:$H$14,0)),"")) | Q6: No | T6: =IF(R6="","",R6+Reference_Data!$AL$6) | U6: =IF(C6="","",IF(Q6="Yes","Decertification Record",IF(J6="","—",IF(COUNTIFS($C$5:$C$304,C6,$F$5:$F$304,F6,$J$5:$J$304,">"&J6)>0,"Superseded",IF(COUNTIFS($C$5:$C$304,C6,$F$5:$F$304,F6,$R$5:$R$304,">="&J6)>0,"Decertified",IF(K6<TODAY(),"Expired","Active")))))) -> Superseded | V6: P. Garcia
A7: QL-0003 | B7: 45879 | C7: E-1003 | D7: =IF($C7="","",IFERROR(INDEX(Employee_Master!$B$5:$B$104,MATCH($C7,Employee_Master!$A$5:$A$104,0)),"ID not found")) -> Bea Santos | E7: =IF($C7="","",IFERROR(INDEX(Employee_Master!$C$5:$C$104,MATCH($C7,Employee_Master!$A$5:$A$104,0)),"ID not found")) -> Permitting | F7: AHJ Permit Submission | G7: Initial Certification | H7: Certified (L2) | I7: 0.91 | J7: 45879 | K7: =IF(J7="","",EDATE(J7,Reference_Data!$AL$5)) -> 46244 | P7: =IF(O7="","",IFERROR(INDEX(Reference_Data!$J$5:$J$14,MATCH(O7,Reference_Data!$H$5:$H$14,0)),"")) | Q7: No | T7: =IF(R7="","",R7+Reference_Data!$AL$6) | U7: =IF(C7="","",IF(Q7="Yes","Decertification Record",IF(J7="","—",IF(COUNTIFS($C$5:$C$304,C7,$F$5:$F$304,F7,$J$5:$J$304,">"&J7)>0,"Superseded",IF(COUNTIFS($C$5:$C$304,C7,$F$5:$F$304,F7,$R$5:$R$304,">="&J7)>0,"Decertified",IF(K7<TODAY(),"Expired","Active")))))) -> Expired | V7: L. Ramos | W7: Recertification overdue — schedule assessment.
A8: QL-0004 | B8: 46056 | C8: E-1005 | D8: =IF($C8="","",IFERROR(INDEX(Employee_Master!$B$5:$B$104,MATCH($C8,Employee_Master!$A$5:$A$104,0)),"ID not found")) -> Ella Navarro | E8: =IF($C8="","",IFERROR(INDEX(Employee_Master!$C$5:$C$104,MATCH($C8,Employee_Master!$A$5:$A$104,0)),"ID not found")) -> Interconnection | F8: Utility Interconnection Application (Rule 21) | G8: Initial Certification | H8: Certified (L2) | I8: 0.95 | J8: 46056 | K8: =IF(J8="","",EDATE(J8,Reference_Data!$AL$5)) -> 46421 | P8: =IF(O8="","",IFERROR(INDEX(Reference_Data!$J$5:$J$14,MATCH(O8,Reference_Data!$H$5:$H$14,0)),"")) | Q8: No | T8: =IF(R8="","",R8+Reference_Data!$AL$6) | U8: =IF(C8="","",IF(Q8="Yes","Decertification Record",IF(J8="","—",IF(COUNTIFS($C$5:$C$304,C8,$F$5:$F$304,F8,$J$5:$J$304,">"&J8)>0,"Superseded",IF(COUNTIFS($C$5:$C$304,C8,$F$5:$F$304,F8,$R$5:$R$304,">="&J8)>0,"Decertified",IF(K8<TODAY(),"Expired","Active")))))) -> Active | V8: L. Ramos
A9: QL-0005 | B9: 46063 | C9: E-1006 | D9: =IF($C9="","",IFERROR(INDEX(Employee_Master!$B$5:$B$104,MATCH($C9,Employee_Master!$A$5:$A$104,0)),"ID not found")) -> Francis Aquino | E9: =IF($C9="","",IFERROR(INDEX(Employee_Master!$C$5:$C$104,MATCH($C9,Employee_Master!$A$5:$A$104,0)),"ID not found")) -> Interconnection | F9: Utility Interconnection Application (Rule 21) | G9: Initial Certification | H9: Qualified (L1) | I9: 0.84 | J9: 46063 | K9: =IF(J9="","",EDATE(J9,Reference_Data!$AL$5)) -> 46428 | P9: =IF(O9="","",IFERROR(INDEX(Reference_Data!$J$5:$J$14,MATCH(O9,Reference_Data!$H$5:$H$14,0)),"")) | Q9: No | T9: =IF(R9="","",R9+Reference_Data!$AL$6) | U9: =IF(C9="","",IF(Q9="Yes","Decertification Record",IF(J9="","—",IF(COUNTIFS($C$5:$C$304,C9,$F$5:$F$304,F9,$J$5:$J$304,">"&J9)>0,"Superseded",IF(COUNTIFS($C$5:$C$304,C9,$F$5:$F$304,F9,$R$5:$R$304,">="&J9)>0,"Decertified",IF(K9<TODAY(),"Expired","Active")))))) -> Active | V9: L. Ramos
A10: QL-0006 | B10: 46027 | C10: E-1007 | D10: =IF($C10="","",IFERROR(INDEX(Employee_Master!$B$5:$B$104,MATCH($C10,Employee_Master!$A$5:$A$104,0)),"ID not found")) -> Grace Bautista | E10: =IF($C10="","",IFERROR(INDEX(Employee_Master!$C$5:$C$104,MATCH($C10,Employee_Master!$A$5:$A$104,0)),"ID not found")) -> Quality Assurance | F10: Plan Set QA Review | G10: Initial Certification | H10: Master / Trainer (L3) | I10: 0.98 | J10: 46027 | K10: =IF(J10="","",EDATE(J10,Reference_Data!$AL$5)) -> 46392 | P10: =IF(O10="","",IFERROR(INDEX(Reference_Data!$J$5:$J$14,MATCH(O10,Reference_Data!$H$5:$H$14,0)),"")) | Q10: No | T10: =IF(R10="","",R10+Reference_Data!$AL$6) | U10: =IF(C10="","",IF(Q10="Yes","Decertification Record",IF(J10="","—",IF(COUNTIFS($C$5:$C$304,C10,$F$5:$F$304,F10,$J$5:$J$304,">"&J10)>0,"Superseded",IF(COUNTIFS($C$5:$C$304,C10,$F$5:$F$304,F10,$R$5:$R$304,">="&J10)>0,"Decertified",IF(K10<TODAY(),"Expired","Active")))))) -> Active | V10: H. Lim
A11: QL-0007 | B11: 46027 | C11: E-1008 | D11: =IF($C11="","",IFERROR(INDEX(Employee_Master!$B$5:$B$104,MATCH($C11,Employee_Master!$A$5:$A$104,0)),"ID not found")) -> Hector Lim | E11: =IF($C11="","",IFERROR(INDEX(Employee_Master!$C$5:$C$104,MATCH($C11,Employee_Master!$A$5:$A$104,0)),"ID not found")) -> Quality Assurance | F11: Plan Set QA Review | G11: Initial Certification | H11: Certified (L2) | I11: 0.93 | J11: 46027 | K11: =IF(J11="","",EDATE(J11,Reference_Data!$AL$5)) -> 46392 | P11: =IF(O11="","",IFERROR(INDEX(Reference_Data!$J$5:$J$14,MATCH(O11,Reference_Data!$H$5:$H$14,0)),"")) | Q11: No | T11: =IF(R11="","",R11+Reference_Data!$AL$6) | U11: =IF(C11="","",IF(Q11="Yes","Decertification Record",IF(J11="","—",IF(COUNTIFS($C$5:$C$304,C11,$F$5:$F$304,F11,$J$5:$J$304,">"&J11)>0,"Superseded",IF(COUNTIFS($C$5:$C$304,C11,$F$5:$F$304,F11,$R$5:$R$304,">="&J11)>0,"Decertified",IF(K11<TODAY(),"Expired","Active")))))) -> Active | V11: P. Garcia
A12: QL-0008 | B12: 46082 | C12: E-1010 | D12: =IF($C12="","",IFERROR(INDEX(Employee_Master!$B$5:$B$104,MATCH($C12,Employee_Master!$A$5:$A$104,0)),"ID not found")) -> Jomar Dela Cruz | E12: =IF($C12="","",IFERROR(INDEX(Employee_Master!$C$5:$C$104,MATCH($C12,Employee_Master!$A$5:$A$104,0)),"ID not found")) -> Design | F12: Solar PV Permit Plan Set Design | G12: Initial Certification | H12: Qualified (L1) | I12: 0.82 | J12: 46082 | K12: =IF(J12="","",EDATE(J12,Reference_Data!$AL$5)) -> 46447 | P12: =IF(O12="","",IFERROR(INDEX(Reference_Data!$J$5:$J$14,MATCH(O12,Reference_Data!$H$5:$H$14,0)),"")) | Q12: No | T12: =IF(R12="","",R12+Reference_Data!$AL$6) | U12: =IF(C12="","",IF(Q12="Yes","Decertification Record",IF(J12="","—",IF(COUNTIFS($C$5:$C$304,C12,$F$5:$F$304,F12,$J$5:$J$304,">"&J12)>0,"Superseded",IF(COUNTIFS($C$5:$C$304,C12,$F$5:$F$304,F12,$R$5:$R$304,">="&J12)>0,"Decertified",IF(K12<TODAY(),"Expired","Active")))))) -> Superseded | V12: P. Garcia
A13: QL-0009 | B13: 46068 | C13: E-1004 | D13: =IF($C13="","",IFERROR(INDEX(Employee_Master!$B$5:$B$104,MATCH($C13,Employee_Master!$A$5:$A$104,0)),"ID not found")) -> Daniel Reyes | E13: =IF($C13="","",IFERROR(INDEX(Employee_Master!$C$5:$C$104,MATCH($C13,Employee_Master!$A$5:$A$104,0)),"ID not found")) -> Permitting | F13: AHJ Permit Submission | G13: Initial Certification | H13: Certified (L2) | I13: 0.9 | J13: 46068 | K13: =IF(J13="","",EDATE(J13,Reference_Data!$AL$5)) -> 46433 | P13: =IF(O13="","",IFERROR(INDEX(Reference_Data!$J$5:$J$14,MATCH(O13,Reference_Data!$H$5:$H$14,0)),"")) | Q13: No | T13: =IF(R13="","",R13+Reference_Data!$AL$6) | U13: =IF(C13="","",IF(Q13="Yes","Decertification Record",IF(J13="","—",IF(COUNTIFS($C$5:$C$304,C13,$F$5:$F$304,F13,$J$5:$J$304,">"&J13)>0,"Superseded",IF(COUNTIFS($C$5:$C$304,C13,$F$5:$F$304,F13,$R$5:$R$304,">="&J13)>0,"Decertified",IF(K13<TODAY(),"Expired","Active")))))) -> Active | V13: L. Ramos
A14: QL-0010 | B14: 46091 | C14: E-1001 | D14: =IF($C14="","",IFERROR(INDEX(Employee_Master!$B$5:$B$104,MATCH($C14,Employee_Master!$A$5:$A$104,0)),"ID not found")) -> Andrea Villanueva | E14: =IF($C14="","",IFERROR(INDEX(Employee_Master!$C$5:$C$104,MATCH($C14,Employee_Master!$A$5:$A$104,0)),"ID not found")) -> Design | F14: Title 24 Compliance Documentation | G14: Initial Certification | H14: Certified (L2) | I14: 0.92 | J14: 46091 | K14: =IF(J14="","",EDATE(J14,Reference_Data!$AL$5)) -> 46456 | P14: =IF(O14="","",IFERROR(INDEX(Reference_Data!$J$5:$J$14,MATCH(O14,Reference_Data!$H$5:$H$14,0)),"")) | Q14: No | T14: =IF(R14="","",R14+Reference_Data!$AL$6) | U14: =IF(C14="","",IF(Q14="Yes","Decertification Record",IF(J14="","—",IF(COUNTIFS($C$5:$C$304,C14,$F$5:$F$304,F14,$J$5:$J$304,">"&J14)>0,"Superseded",IF(COUNTIFS($C$5:$C$304,C14,$F$5:$F$304,F14,$R$5:$R$304,">="&J14)>0,"Decertified",IF(K14<TODAY(),"Expired","Active")))))) -> Active | V14: P. Garcia
A15: QL-0011 | B15: 46120 | C15: E-1002 | D15: =IF($C15="","",IFERROR(INDEX(Employee_Master!$B$5:$B$104,MATCH($C15,Employee_Master!$A$5:$A$104,0)),"ID not found")) -> Carlo Mendoza | E15: =IF($C15="","",IFERROR(INDEX(Employee_Master!$C$5:$C$104,MATCH($C15,Employee_Master!$A$5:$A$104,0)),"ID not found")) -> Design | F15: Solar PV Permit Plan Set Design | G15: Quality Incident | K15: =IF(J15="","",EDATE(J15,Reference_Data!$AL$5)) | L15: Internal Failure | M15: Incorrect module string sizing caught at QA; plan set rework. | N15: 3500 | O15: Minor | P15: =IF(O15="","",IFERROR(INDEX(Reference_Data!$J$5:$J$14,MATCH(O15,Reference_Data!$H$5:$H$14,0)),"")) -> Coaching Session | Q15: No | T15: =IF(R15="","",R15+Reference_Data!$AL$6) | U15: =IF(C15="","",IF(Q15="Yes","Decertification Record",IF(J15="","—",IF(COUNTIFS($C$5:$C$304,C15,$F$5:$F$304,F15,$J$5:$J$304,">"&J15)>0,"Superseded",IF(COUNTIFS($C$5:$C$304,C15,$F$5:$F$304,F15,$R$5:$R$304,">="&J15)>0,"Decertified",IF(K15<TODAY(),"Expired","Active")))))) -> — | V15: H. Lim | W15: See CA-0001
A16: QL-0012 | B16: 46154 | C16: E-1010 | D16: =IF($C16="","",IFERROR(INDEX(Employee_Master!$B$5:$B$104,MATCH($C16,Employee_Master!$A$5:$A$104,0)),"ID not found")) -> Jomar Dela Cruz | E16: =IF($C16="","",IFERROR(INDEX(Employee_Master!$C$5:$C$104,MATCH($C16,Employee_Master!$A$5:$A$104,0)),"ID not found")) -> Design | F16: Solar PV Permit Plan Set Design | G16: Quality Incident | K16: =IF(J16="","",EDATE(J16,Reference_Data!$AL$5)) | L16: External Failure | M16: AHJ rejection — missing fire setback dimensions; resubmittal required. | N16: 12000 | O16: Major | P16: =IF(O16="","",IFERROR(INDEX(Reference_Data!$J$5:$J$14,MATCH(O16,Reference_Data!$H$5:$H$14,0)),"")) -> Written Warning + Retraining | Q16: No | T16: =IF(R16="","",R16+Reference_Data!$AL$6) | U16: =IF(C16="","",IF(Q16="Yes","Decertification Record",IF(J16="","—",IF(COUNTIFS($C$5:$C$304,C16,$F$5:$F$304,F16,$J$5:$J$304,">"&J16)>0,"Superseded",IF(COUNTIFS($C$5:$C$304,C16,$F$5:$F$304,F16,$R$5:$R$304,">="&J16)>0,"Decertified",IF(K16<TODAY(),"Expired","Active")))))) -> — | V16: H. Lim | W16: See CA-0002
A17: QL-0013 | B17: 46193 | C17: E-1010 | D17: =IF($C17="","",IFERROR(INDEX(Employee_Master!$B$5:$B$104,MATCH($C17,Employee_Master!$A$5:$A$104,0)),"ID not found")) -> Jomar Dela Cruz | E17: =IF($C17="","",IFERROR(INDEX(Employee_Master!$C$5:$C$104,MATCH($C17,Employee_Master!$A$5:$A$104,0)),"ID not found")) -> Design | F17: Solar PV Permit Plan Set Design | G17: Decertification | K17: =IF(J17="","",EDATE(J17,Reference_Data!$AL$5)) | L17: External Failure | M17: Repeat AHJ rejection; field change order required. | N17: 45000 | O17: Critical | P17: =IF(O17="","",IFERROR(INDEX(Reference_Data!$J$5:$J$14,MATCH(O17,Reference_Data!$H$5:$H$14,0)),"")) -> Decertification Review / Final Written Warning | Q17: Yes | R17: 46198 | S17: Repeat Critical external failure; competency gap on fire code setbacks. | T17: =IF(R17="","",R17+Reference_Data!$AL$6) -> 46228 | U17: =IF(C17="","",IF(Q17="Yes","Decertification Record",IF(J17="","—",IF(COUNTIFS($C$5:$C$304,C17,$F$5:$F$304,F17,$J$5:$J$304,">"&J17)>0,"Superseded",IF(COUNTIFS($C$5:$C$304,C17,$F$5:$F$304,F17,$R$5:$R$304,">="&J17)>0,"Decertified",IF(K17<TODAY(),"Expired","Active")))))) -> Decertification Record | V17: P. Garcia | W17: See CA-0003
A18: QL-0014 | B18: 46223 | C18: E-1010 | D18: =IF($C18="","",IFERROR(INDEX(Employee_Master!$B$5:$B$104,MATCH($C18,Employee_Master!$A$5:$A$104,0)),"ID not found")) -> Jomar Dela Cruz | E18: =IF($C18="","",IFERROR(INDEX(Employee_Master!$C$5:$C$104,MATCH($C18,Employee_Master!$A$5:$A$104,0)),"ID not found")) -> Design | F18: Solar PV Permit Plan Set Design | G18: Reinstatement | H18: Qualified (L1) | I18: 0.88 | J18: 46223 | K18: =IF(J18="","",EDATE(J18,Reference_Data!$AL$5)) -> 46588 | P18: =IF(O18="","",IFERROR(INDEX(Reference_Data!$J$5:$J$14,MATCH(O18,Reference_Data!$H$5:$H$14,0)),"")) | Q18: No | T18: =IF(R18="","",R18+Reference_Data!$AL$6) | U18: =IF(C18="","",IF(Q18="Yes","Decertification Record",IF(J18="","—",IF(COUNTIFS($C$5:$C$304,C18,$F$5:$F$304,F18,$J$5:$J$304,">"&J18)>0,"Superseded",IF(COUNTIFS($C$5:$C$304,C18,$F$5:$F$304,F18,$R$5:$R$304,">="&J18)>0,"Decertified",IF(K18<TODAY(),"Expired","Active")))))) -> Active | V18: P. Garcia | W18: Passed reassessment after retraining.
A19: QL-0015 | B19: 46127 | C19: E-1006 | D19: =IF($C19="","",IFERROR(INDEX(Employee_Master!$B$5:$B$104,MATCH($C19,Employee_Master!$A$5:$A$104,0)),"ID not found")) -> Francis Aquino | E19: =IF($C19="","",IFERROR(INDEX(Employee_Master!$C$5:$C$104,MATCH($C19,Employee_Master!$A$5:$A$104,0)),"ID not found")) -> Interconnection | F19: Utility Interconnection Application (Rule 21) | G19: Quality Incident | K19: =IF(J19="","",EDATE(J19,Reference_Data!$AL$5)) | L19: Internal Failure | M19: Single-line diagram mismatch with utility application; rework. | N19: 2500 | O19: Minor | P19: =IF(O19="","",IFERROR(INDEX(Reference_Data!$J$5:$J$14,MATCH(O19,Reference_Data!$H$5:$H$14,0)),"")) -> Coaching Session | Q19: No | T19: =IF(R19="","",R19+Reference_Data!$AL$6) | U19: =IF(C19="","",IF(Q19="Yes","Decertification Record",IF(J19="","—",IF(COUNTIFS($C$5:$C$304,C19,$F$5:$F$304,F19,$J$5:$J$304,">"&J19)>0,"Superseded",IF(COUNTIFS($C$5:$C$304,C19,$F$5:$F$304,F19,$R$5:$R$304,">="&J19)>0,"Decertified",IF(K19<TODAY(),"Expired","Active")))))) -> — | V19: L. Ramos | W19: See CA-0004
A20: QL-0016 | B20: 46147 | C20: E-1007 | D20: =IF($C20="","",IFERROR(INDEX(Employee_Master!$B$5:$B$104,MATCH($C20,Employee_Master!$A$5:$A$104,0)),"ID not found")) -> Grace Bautista | E20: =IF($C20="","",IFERROR(INDEX(Employee_Master!$C$5:$C$104,MATCH($C20,Employee_Master!$A$5:$A$104,0)),"ID not found")) -> Quality Assurance | F20: Plan Set QA Review | G20: Assessment / Audit | K20: =IF(J20="","",EDATE(J20,Reference_Data!$AL$5)) | L20: Appraisal | M20: Quarterly QA calibration audit. | N20: 1500 | P20: =IF(O20="","",IFERROR(INDEX(Reference_Data!$J$5:$J$14,MATCH(O20,Reference_Data!$H$5:$H$14,0)),"")) | Q20: No | T20: =IF(R20="","",R20+Reference_Data!$AL$6) | U20: =IF(C20="","",IF(Q20="Yes","Decertification Record",IF(J20="","—",IF(COUNTIFS($C$5:$C$304,C20,$F$5:$F$304,F20,$J$5:$J$304,">"&J20)>0,"Superseded",IF(COUNTIFS($C$5:$C$304,C20,$F$5:$F$304,F20,$R$5:$R$304,">="&J20)>0,"Decertified",IF(K20<TODAY(),"Expired","Active")))))) -> — | V20: H. Lim
A21: QL-0017 | B21: 46099 | C21: E-1008 | D21: =IF($C21="","",IFERROR(INDEX(Employee_Master!$B$5:$B$104,MATCH($C21,Employee_Master!$A$5:$A$104,0)),"ID not found")) -> Hector Lim | E21: =IF($C21="","",IFERROR(INDEX(Employee_Master!$C$5:$C$104,MATCH($C21,Employee_Master!$A$5:$A$104,0)),"ID not found")) -> Quality Assurance | F21: Plan Set QA Review | G21: Assessment / Audit | K21: =IF(J21="","",EDATE(J21,Reference_Data!$AL$5)) | L21: Prevention | M21: Trainer-led code-update refresher delivered to Design team. | N21: 8000 | P21: =IF(O21="","",IFERROR(INDEX(Reference_Data!$J$5:$J$14,MATCH(O21,Reference_Data!$H$5:$H$14,0)),"")) | Q21: No | T21: =IF(R21="","",R21+Reference_Data!$AL$6) | U21: =IF(C21="","",IF(Q21="Yes","Decertification Record",IF(J21="","—",IF(COUNTIFS($C$5:$C$304,C21,$F$5:$F$304,F21,$J$5:$J$304,">"&J21)>0,"Superseded",IF(COUNTIFS($C$5:$C$304,C21,$F$5:$F$304,F21,$R$5:$R$304,">="&J21)>0,"Decertified",IF(K21<TODAY(),"Expired","Active")))))) -> — | V21: H. Lim
A22: QL-0018 | B22: 46236 | C22: E-1002 | D22: =IF($C22="","",IFERROR(INDEX(Employee_Master!$B$5:$B$104,MATCH($C22,Employee_Master!$A$5:$A$104,0)),"ID not found")) -> Carlo Mendoza | E22: =IF($C22="","",IFERROR(INDEX(Employee_Master!$C$5:$C$104,MATCH($C22,Employee_Master!$A$5:$A$104,0)),"ID not found")) -> Design | F22: Solar PV Permit Plan Set Design | G22: Recertification | H22: Certified (L2) | I22: 0.92 | J22: 46236 | K22: =IF(J22="","",EDATE(J22,Reference_Data!$AL$5)) -> 46601 | P22: =IF(O22="","",IFERROR(INDEX(Reference_Data!$J$5:$J$14,MATCH(O22,Reference_Data!$H$5:$H$14,0)),"")) | Q22: No | T22: =IF(R22="","",R22+Reference_Data!$AL$6) | U22: =IF(C22="","",IF(Q22="Yes","Decertification Record",IF(J22="","—",IF(COUNTIFS($C$5:$C$304,C22,$F$5:$F$304,F22,$J$5:$J$304,">"&J22)>0,"Superseded",IF(COUNTIFS($C$5:$C$304,C22,$F$5:$F$304,F22,$R$5:$R$304,">="&J22)>0,"Decertified",IF(K22<TODAY(),"Expired","Active")))))) -> Active | V22: P. Garcia | W22: Promoted L1 → L2.
A23: QL-0019 | B23: 46259 | C23: E-1004 | D23: =IF($C23="","",IFERROR(INDEX(Employee_Master!$B$5:$B$104,MATCH($C23,Employee_Master!$A$5:$A$104,0)),"ID not found")) -> Daniel Reyes | E23: =IF($C23="","",IFERROR(INDEX(Employee_Master!$C$5:$C$104,MATCH($C23,Employee_Master!$A$5:$A$104,0)),"ID not found")) -> Permitting | F23: AHJ Permit Submission | G23: Quality Incident | K23: =IF(J23="","",EDATE(J23,Reference_Data!$AL$5)) | L23: External Failure | M23: Permit submitted with outdated structural letter; AHJ correction notice. | N23: 9500 | O23: Major | P23: =IF(O23="","",IFERROR(INDEX(Reference_Data!$J$5:$J$14,MATCH(O23,Reference_Data!$H$5:$H$14,0)),"")) -> Written Warning + Retraining | Q23: No | T23: =IF(R23="","",R23+Reference_Data!$AL$6) | U23: =IF(C23="","",IF(Q23="Yes","Decertification Record",IF(J23="","—",IF(COUNTIFS($C$5:$C$304,C23,$F$5:$F$304,F23,$J$5:$J$304,">"&J23)>0,"Superseded",IF(COUNTIFS($C$5:$C$304,C23,$F$5:$F$304,F23,$R$5:$R$304,">="&J23)>0,"Decertified",IF(K23<TODAY(),"Expired","Active")))))) -> — | V23: L. Ramos | W23: See CA-0005
D24: =IF($C24="","",IFERROR(INDEX(Employee_Master!$B$5:$B$104,MATCH($C24,Employee_Master!$A$5:$A$104,0)),"ID not found")) | E24: =IF($C24="","",IFERROR(INDEX(Employee_Master!$C$5:$C$104,MATCH($C24,Employee_Master!$A$5:$A$104,0)),"ID not found")) | K24: =IF(J24="","",EDATE(J24,Reference_Data!$AL$5)) | P24: =IF(O24="","",IFERROR(INDEX(Reference_Data!$J$5:$J$14,MATCH(O24,Reference_Data!$H$5:$H$14,0)),"")) | T24: =IF(R24="","",R24+Reference_Data!$AL$6) | U24: =IF(C24="","",IF(Q24="Yes","Decertification Record",IF(J24="","—",IF(COUNTIFS($C$5:$C$304,C24,$F$5:$F$304,F24,$J$5:$J$304,">"&J24)>0,"Superseded",IF(COUNTIFS($C$5:$C$304,C24,$F$5:$F$304,F24,$R$5:$R$304,">="&J24)>0,"Decertified",IF(K24<TODAY(),"Expired","Active"))))))
D25: =IF($C25="","",IFERROR(INDEX(Employee_Master!$B$5:$B$104,MATCH($C25,Employee_Master!$A$5:$A$104,0)),"ID not found")) | E25: =IF($C25="","",IFERROR(INDEX(Employee_Master!$C$5:$C$104,MATCH($C25,Employee_Master!$A$5:$A$104,0)),"ID not found")) | K25: =IF(J25="","",EDATE(J25,Reference_Data!$AL$5)) | P25: =IF(O25="","",IFERROR(INDEX(Reference_Data!$J$5:$J$14,MATCH(O25,Reference_Data!$H$5:$H$14,0)),"")) | T25: =IF(R25="","",R25+Reference_Data!$AL$6) | U25: =IF(C25="","",IF(Q25="Yes","Decertification Record",IF(J25="","—",IF(COUNTIFS($C$5:$C$304,C25,$F$5:$F$304,F25,$J$5:$J$304,">"&J25)>0,"Superseded",IF(COUNTIFS($C$5:$C$304,C25,$F$5:$F$304,F25,$R$5:$R$304,">="&J25)>0,"Decertified",IF(K25<TODAY(),"Expired","Active"))))))
D26: =IF($C26="","",IFERROR(INDEX(Employee_Master!$B$5:$B$104,MATCH($C26,Employee_Master!$A$5:$A$104,0)),"ID not found")) | E26: =IF($C26="","",IFERROR(INDEX(Employee_Master!$C$5:$C$104,MATCH($C26,Employee_Master!$A$5:$A$104,0)),"ID not found")) | K26: =IF(J26="","",EDATE(J26,Reference_Data!$AL$5)) | P26: =IF(O26="","",IFERROR(INDEX(Reference_Data!$J$5:$J$14,MATCH(O26,Reference_Data!$H$5:$H$14,0)),"")) | T26: =IF(R26="","",R26+Reference_Data!$AL$6) | U26: =IF(C26="","",IF(Q26="Yes","Decertification Record",IF(J26="","—",IF(COUNTIFS($C$5:$C$304,C26,$F$5:$F$304,F26,$J$5:$J$304,">"&J26)>0,"Superseded",IF(COUNTIFS($C$5:$C$304,C26,$F$5:$F$304,F26,$R$5:$R$304,">="&J26)>0,"Decertified",IF(K26<TODAY(),"Expired","Active"))))))
D27: =IF($C27="","",IFERROR(INDEX(Employee_Master!$B$5:$B$104,MATCH($C27,Employee_Master!$A$5:$A$104,0)),"ID not found")) | E27: =IF($C27="","",IFERROR(INDEX(Employee_Master!$C$5:$C$104,MATCH($C27,Employee_Master!$A$5:$A$104,0)),"ID not found")) | K27: =IF(J27="","",EDATE(J27,Reference_Data!$AL$5)) | P27: =IF(O27="","",IFERROR(INDEX(Reference_Data!$J$5:$J$14,MATCH(O27,Reference_Data!$H$5:$H$14,0)),"")) | T27: =IF(R27="","",R27+Reference_Data!$AL$6) | U27: =IF(C27="","",IF(Q27="Yes","Decertification Record",IF(J27="","—",IF(COUNTIFS($C$5:$C$304,C27,$F$5:$F$304,F27,$J$5:$J$304,">"&J27)>0,"Superseded",IF(COUNTIFS($C$5:$C$304,C27,$F$5:$F$304,F27,$R$5:$R$304,">="&J27)>0,"Decertified",IF(K27<TODAY(),"Expired","Active"))))))
D28: =IF($C28="","",IFERROR(INDEX(Employee_Master!$B$5:$B$104,MATCH($C28,Employee_Master!$A$5:$A$104,0)),"ID not found")) | E28: =IF($C28="","",IFERROR(INDEX(Employee_Master!$C$5:$C$104,MATCH($C28,Employee_Master!$A$5:$A$104,0)),"ID not found")) | K28: =IF(J28="","",EDATE(J28,Reference_Data!$AL$5)) | P28: =IF(O28="","",IFERROR(INDEX(Reference_Data!$J$5:$J$14,MATCH(O28,Reference_Data!$H$5:$H$14,0)),"")) | T28: =IF(R28="","",R28+Reference_Data!$AL$6) | U28: =IF(C28="","",IF(Q28="Yes","Decertification Record",IF(J28="","—",IF(COUNTIFS($C$5:$C$304,C28,$F$5:$F$304,F28,$J$5:$J$304,">"&J28)>0,"Superseded",IF(COUNTIFS($C$5:$C$304,C28,$F$5:$F$304,F28,$R$5:$R$304,">="&J28)>0,"Decertified",IF(K28<TODAY(),"Expired","Active"))))))
D29: =IF($C29="","",IFERROR(INDEX(Employee_Master!$B$5:$B$104,MATCH($C29,Employee_Master!$A$5:$A$104,0)),"ID not found")) | E29: =IF($C29="","",IFERROR(INDEX(Employee_Master!$C$5:$C$104,MATCH($C29,Employee_Master!$A$5:$A$104,0)),"ID not found")) | K29: =IF(J29="","",EDATE(J29,Reference_Data!$AL$5)) | P29: =IF(O29="","",IFERROR(INDEX(Reference_Data!$J$5:$J$14,MATCH(O29,Reference_Data!$H$5:$H$14,0)),"")) | T29: =IF(R29="","",R29+Reference_Data!$AL$6) | U29: =IF(C29="","",IF(Q29="Yes","Decertification Record",IF(J29="","—",IF(COUNTIFS($C$5:$C$304,C29,$F$5:$F$304,F29,$J$5:$J$304,">"&J29)>0,"Superseded",IF(COUNTIFS($C$5:$C$304,C29,$F$5:$F$304,F29,$R$5:$R$304,">="&J29)>0,"Decertified",IF(K29<TODAY(),"Expired","Active"))))))
D30: =IF($C30="","",IFERROR(INDEX(Employee_Master!$B$5:$B$104,MATCH($C30,Employee_Master!$A$5:$A$104,0)),"ID not found")) | E30: =IF($C30="","",IFERROR(INDEX(Employee_Master!$C$5:$C$104,MATCH($C30,Employee_Master!$A$5:$A$104,0)),"ID not found")) | K30: =IF(J30="","",EDATE(J30,Reference_Data!$AL$5)) | P30: =IF(O30="","",IFERROR(INDEX(Reference_Data!$J$5:$J$14,MATCH(O30,Reference_Data!$H$5:$H$14,0)),"")) | T30: =IF(R30="","",R30+Reference_Data!$AL$6) | U30: =IF(C30="","",IF(Q30="Yes","Decertification Record",IF(J30="","—",IF(COUNTIFS($C$5:$C$304,C30,$F$5:$F$304,F30,$J$5:$J$304,">"&J30)>0,"Superseded",IF(COUNTIFS($C$5:$C$304,C30,$F$5:$F$304,F30,$R$5:$R$304,">="&J30)>0,"Decertified",IF(K30<TODAY(),"Expired","Active"))))))
D31: =IF($C31="","",IFERROR(INDEX(Employee_Master!$B$5:$B$104,MATCH($C31,Employee_Master!$A$5:$A$104,0)),"ID not found")) | E31: =IF($C31="","",IFERROR(INDEX(Employee_Master!$C$5:$C$104,MATCH($C31,Employee_Master!$A$5:$A$104,0)),"ID not found")) | K31: =IF(J31="","",EDATE(J31,Reference_Data!$AL$5)) | P31: =IF(O31="","",IFERROR(INDEX(Reference_Data!$J$5:$J$14,MATCH(O31,Reference_Data!$H$5:$H$14,0)),"")) | T31: =IF(R31="","",R31+Reference_Data!$AL$6) | U31: =IF(C31="","",IF(Q31="Yes","Decertification Record",IF(J31="","—",IF(COUNTIFS($C$5:$C$304,C31,$F$5:$F$304,F31,$J$5:$J$304,">"&J31)>0,"Superseded",IF(COUNTIFS($C$5:$C$304,C31,$F$5:$F$304,F31,$R$5:$R$304,">="&J31)>0,"Decertified",IF(K31<TODAY(),"Expired","Active"))))))
D32: =IF($C32="","",IFERROR(INDEX(Employee_Master!$B$5:$B$104,MATCH($C32,Employee_Master!$A$5:$A$104,0)),"ID not found")) | E32: =IF($C32="","",IFERROR(INDEX(Employee_Master!$C$5:$C$104,MATCH($C32,Employee_Master!$A$5:$A$104,0)),"ID not found")) | K32: =IF(J32="","",EDATE(J32,Reference_Data!$AL$5)) | P32: =IF(O32="","",IFERROR(INDEX(Reference_Data!$J$5:$J$14,MATCH(O32,Reference_Data!$H$5:$H$14,0)),"")) | T32: =IF(R32="","",R32+Reference_Data!$AL$6) | U32: =IF(C32="","",IF(Q32="Yes","Decertification Record",IF(J32="","—",IF(COUNTIFS($C$5:$C$304,C32,$F$5:$F$304,F32,$J$5:$J$304,">"&J32)>0,"Superseded",IF(COUNTIFS($C$5:$C$304,C32,$F$5:$F$304,F32,$R$5:$R$304,">="&J32)>0,"Decertified",IF(K32<TODAY(),"Expired","Active"))))))
D33: =IF($C33="","",IFERROR(INDEX(Employee_Master!$B$5:$B$104,MATCH($C33,Employee_Master!$A$5:$A$104,0)),"ID not found")) | E33: =IF($C33="","",IFERROR(INDEX(Employee_Master!$C$5:$C$104,MATCH($C33,Employee_Master!$A$5:$A$104,0)),"ID not found")) | K33: =IF(J33="","",EDATE(J33,Reference_Data!$AL$5)) | P33: =IF(O33="","",IFERROR(INDEX(Reference_Data!$J$5:$J$14,MATCH(O33,Reference_Data!$H$5:$H$14,0)),"")) | T33: =IF(R33="","",R33+Reference_Data!$AL$6) | U33: =IF(C33="","",IF(Q33="Yes","Decertification Record",IF(J33="","—",IF(COUNTIFS($C$5:$C$304,C33,$F$5:$F$304,F33,$J$5:$J$304,">"&J33)>0,"Superseded",IF(COUNTIFS($C$5:$C$304,C33,$F$5:$F$304,F33,$R$5:$R$304,">="&J33)>0,"Decertified",IF(K33<TODAY(),"Expired","Active"))))))
D34: =IF($C34="","",IFERROR(INDEX(Employee_Master!$B$5:$B$104,MATCH($C34,Employee_Master!$A$5:$A$104,0)),"ID not found")) | E34: =IF($C34="","",IFERROR(INDEX(Employee_Master!$C$5:$C$104,MATCH($C34,Employee_Master!$A$5:$A$104,0)),"ID not found")) | K34: =IF(J34="","",EDATE(J34,Reference_Data!$AL$5)) | P34: =IF(O34="","",IFERROR(INDEX(Reference_Data!$J$5:$J$14,MATCH(O34,Reference_Data!$H$5:$H$14,0)),"")) | T34: =IF(R34="","",R34+Reference_Data!$AL$6) | U34: =IF(C34="","",IF(Q34="Yes","Decertification Record",IF(J34="","—",IF(COUNTIFS($C$5:$C$304,C34,$F$5:$F$304,F34,$J$5:$J$304,">"&J34)>0,"Superseded",IF(COUNTIFS($C$5:$C$304,C34,$F$5:$F$304,F34,$R$5:$R$304,">="&J34)>0,"Decertified",IF(K34<TODAY(),"Expired","Active"))))))
D35: =IF($C35="","",IFERROR(INDEX(Employee_Master!$B$5:$B$104,MATCH($C35,Employee_Master!$A$5:$A$104,0)),"ID not found")) | E35: =IF($C35="","",IFERROR(INDEX(Employee_Master!$C$5:$C$104,MATCH($C35,Employee_Master!$A$5:$A$104,0)),"ID not found")) | K35: =IF(J35="","",EDATE(J35,Reference_Data!$AL$5)) | P35: =IF(O35="","",IFERROR(INDEX(Reference_Data!$J$5:$J$14,MATCH(O35,Reference_Data!$H$5:$H$14,0)),"")) | T35: =IF(R35="","",R35+Reference_Data!$AL$6) | U35: =IF(C35="","",IF(Q35="Yes","Decertification Record",IF(J35="","—",IF(COUNTIFS($C$5:$C$304,C35,$F$5:$F$304,F35,$J$5:$J$304,">"&J35)>0,"Superseded",IF(COUNTIFS($C$5:$C$304,C35,$F$5:$F$304,F35,$R$5:$R$304,">="&J35)>0,"Decertified",IF(K35<TODAY(),"Expired","Active"))))))
... D304: =IF($C304="","",IFERROR(INDEX(Employee_Master!$B$5:$B$104,MATCH($C304,Employee_Master!$A$5:$A$104,0)),"ID not found")) | E304: =IF($C304="","",IFERROR(INDEX(Employee_Master!$C$5:$C$104,MATCH($C304,Employee_Master!$A$5:$A$104,0)),"ID not found")) | K304: =IF(J304="","",EDATE(J304,Reference_Data!$AL$5)) | P304: =IF(O304="","",IFERROR(INDEX(Reference_Data!$J$5:$J$14,MATCH(O304,Reference_Data!$H$5:$H$14,0)),"")) | T304: =IF(R304="","",R304+Reference_Data!$AL$6) | U304: =IF(C304="","",IF(Q304="Yes","Decertification Record",IF(J304="","—",IF(COUNTIFS($C$5:$C$304,C304,$F$5:$F$304,F304,$J$5:$J$304,">"&J304)>0,"Superseded",IF(COUNTIFS($C$5:$C$304,C304,$F$5:$F$304,F304,$R$5:$R$304,">="&J304)>0,"Decertified",IF(K304<TODAY(),"Expired","Active"))))))

Sheet Recognition_Log
A1: Recognition Log (Merit)
A2: Record nominations and awards. Merit points credit only when Approval Status = Approved. Cross-Department Recognition requires Division Lead approval.
A3: Legend: Navy header = input (enter / select from dropdown) | Grey header + shaded cells = auto-calculated (do not overwrite)
A4: Recognition ID | B4: Date Nominated | C4: Employee ID | D4: Employee Name | E4: Home Department | F4: Recognition Type | G4: Beneficiary Department | H4: Cross-Department | I4: Project / Activity | J4: Contribution Description | K4: Nominated By | L4: Merit Points | M4: Division Lead Approver | N4: Approval Status | O4: Approval Date | P4: Award Issued | Q4: Points Credited | R4: Remarks
A5: RC-0001 | B5: 46073 | C5: E-1007 | D5: =IF($C5="","",IFERROR(INDEX(Employee_Master!$B$5:$B$104,MATCH($C5,Employee_Master!$A$5:$A$104,0)),"ID not found")) -> Grace Bautista | E5: =IF($C5="","",IFERROR(INDEX(Employee_Master!$C$5:$C$104,MATCH($C5,Employee_Master!$A$5:$A$104,0)),"ID not found")) -> Quality Assurance | F5: Quality Excellence Award | G5: Quality Assurance | H5: =IF(OR(C5="",G5=""),"",IF(G5<>E5,"Yes","No")) -> No | I5: Q1 plan set QA | J5: Zero escaped defects across 120 plan sets reviewed in Q1. | K5: H. Lim | L5: =IF(F5="","",IFERROR(INDEX(Reference_Data!$P$5:$P$14,MATCH(F5,Reference_Data!$O$5:$O$14,0)),0)) -> 20 | M5: R. Tan | N5: Approved | O5: 46083 | P5: Certificate of Recognition | Q5: =IF(AND(N5="Approved",L5<>""),L5,0) -> 20
A6: RC-0002 | B6: 46106 | C6: E-1005 | D6: =IF($C6="","",IFERROR(INDEX(Employee_Master!$B$5:$B$104,MATCH($C6,Employee_Master!$A$5:$A$104,0)),"ID not found")) -> Ella Navarro | E6: =IF($C6="","",IFERROR(INDEX(Employee_Master!$C$5:$C$104,MATCH($C6,Employee_Master!$A$5:$A$104,0)),"ID not found")) -> Interconnection | F6: Cross-Department Recognition | G6: Permitting | H6: =IF(OR(C6="",G6=""),"",IF(G6<>E6,"Yes","No")) -> Yes | I6: Utility backlog clearance | J6: Supported Permitting to clear 40 interconnection-dependent permits ahead of the builder deadline. | K6: D. Reyes | L6: =IF(F6="","",IFERROR(INDEX(Reference_Data!$P$5:$P$14,MATCH(F6,Reference_Data!$O$5:$O$14,0)),0)) -> 15 | M6: M. Flores | N6: Approved | O6: 46113 | P6: Gift Voucher | Q6: =IF(AND(N6="Approved",L6<>""),L6,0) -> 15
A7: RC-0003 | B7: 46122 | C7: E-1001 | D7: =IF($C7="","",IFERROR(INDEX(Employee_Master!$B$5:$B$104,MATCH($C7,Employee_Master!$A$5:$A$104,0)),"ID not found")) -> Andrea Villanueva | E7: =IF($C7="","",IFERROR(INDEX(Employee_Master!$C$5:$C$104,MATCH($C7,Employee_Master!$A$5:$A$104,0)),"ID not found")) -> Design | F7: Innovation / Process Improvement | G7: Design | H7: =IF(OR(C7="",G7=""),"",IF(G7<>E7,"Yes","No")) -> No | I7: Title 24 template | J7: Built a standardized Title 24 calculation template; prep time reduced ~30%. | K7: P. Garcia | L7: =IF(F7="","",IFERROR(INDEX(Reference_Data!$P$5:$P$14,MATCH(F7,Reference_Data!$O$5:$O$14,0)),0)) -> 25 | M7: R. Tan | N7: Approved | O7: 46132 | P7: Cash Incentive | Q7: =IF(AND(N7="Approved",L7<>""),L7,0) -> 25
A8: RC-0004 | B8: 46160 | C8: E-1008 | D8: =IF($C8="","",IFERROR(INDEX(Employee_Master!$B$5:$B$104,MATCH($C8,Employee_Master!$A$5:$A$104,0)),"ID not found")) -> Hector Lim | E8: =IF($C8="","",IFERROR(INDEX(Employee_Master!$C$5:$C$104,MATCH($C8,Employee_Master!$A$5:$A$104,0)),"ID not found")) -> Quality Assurance | F8: Mentorship Award | G8: Design | H8: =IF(OR(C8="",G8=""),"",IF(G8<>E8,"Yes","No")) -> Yes | I8: New-hire onboarding | J8: Coached three new design engineers to Qualified (L1). | K8: P. Garcia | L8: =IF(F8="","",IFERROR(INDEX(Reference_Data!$P$5:$P$14,MATCH(F8,Reference_Data!$O$5:$O$14,0)),0)) -> 15 | M8: R. Tan | N8: Approved | O8: 46167 | P8: Additional Leave Credit | Q8: =IF(AND(N8="Approved",L8<>""),L8,0) -> 15
A9: RC-0005 | B9: 46203 | C9: E-1003 | D9: =IF($C9="","",IFERROR(INDEX(Employee_Master!$B$5:$B$104,MATCH($C9,Employee_Master!$A$5:$A$104,0)),"ID not found")) -> Bea Santos | E9: =IF($C9="","",IFERROR(INDEX(Employee_Master!$C$5:$C$104,MATCH($C9,Employee_Master!$A$5:$A$104,0)),"ID not found")) -> Permitting | F9: Spot Award | G9: Permitting | H9: =IF(OR(C9="",G9=""),"",IF(G9<>E9,"Yes","No")) -> No | I9: Urgent resubmittals | J9: Same-day turnaround on 12 urgent permit resubmittals. | K9: D. Reyes | L9: =IF(F9="","",IFERROR(INDEX(Reference_Data!$P$5:$P$14,MATCH(F9,Reference_Data!$O$5:$O$14,0)),0)) -> 10 | M9: M. Flores | N9: Approved | O9: 46205 | P9: Public Recognition (Wall of Excellence) | Q9: =IF(AND(N9="Approved",L9<>""),L9,0) -> 10
A10: RC-0006 | B10: 46218 | C10: E-1009 | D10: =IF($C10="","",IFERROR(INDEX(Employee_Master!$B$5:$B$104,MATCH($C10,Employee_Master!$A$5:$A$104,0)),"ID not found")) -> Ivy Castillo | E10: =IF($C10="","",IFERROR(INDEX(Employee_Master!$C$5:$C$104,MATCH($C10,Employee_Master!$A$5:$A$104,0)),"ID not found")) -> Project Management | F10: Cross-Department Recognition | G10: Design | H10: =IF(OR(C10="",G10=""),"",IF(G10<>E10,"Yes","No")) -> Yes | I10: Builder phase coordination | J10: Coordinated builder lot-release data enabling Design to meet its 48-hour SLA. | K10: A. Villanueva | L10: =IF(F10="","",IFERROR(INDEX(Reference_Data!$P$5:$P$14,MATCH(F10,Reference_Data!$O$5:$O$14,0)),0)) -> 15 | M10: R. Tan | N10: Pending | Q10: =IF(AND(N10="Approved",L10<>""),L10,0) -> 0 | R10: Awaiting Division Lead review.
A11: RC-0007 | B11: 46244 | C11: E-1001 | D11: =IF($C11="","",IFERROR(INDEX(Employee_Master!$B$5:$B$104,MATCH($C11,Employee_Master!$A$5:$A$104,0)),"ID not found")) -> Andrea Villanueva | E11: =IF($C11="","",IFERROR(INDEX(Employee_Master!$C$5:$C$104,MATCH($C11,Employee_Master!$A$5:$A$104,0)),"ID not found")) -> Design | F11: Zero-Defect Milestone | G11: Design | H11: =IF(OR(C11="",G11=""),"",IF(G11<>E11,"Yes","No")) -> No | I11: Plan set output | J11: 100 consecutive plan sets with zero QA findings. | K11: H. Lim | L11: =IF(F11="","",IFERROR(INDEX(Reference_Data!$P$5:$P$14,MATCH(F11,Reference_Data!$O$5:$O$14,0)),0)) -> 20 | M11: R. Tan | N11: Approved | O11: 46248 | P11: Token / Merchandise | Q11: =IF(AND(N11="Approved",L11<>""),L11,0) -> 20
A12: RC-0008 | B12: 46270 | C12: E-1006 | D12: =IF($C12="","",IFERROR(INDEX(Employee_Master!$B$5:$B$104,MATCH($C12,Employee_Master!$A$5:$A$104,0)),"ID not found")) -> Francis Aquino | E12: =IF($C12="","",IFERROR(INDEX(Employee_Master!$C$5:$C$104,MATCH($C12,Employee_Master!$A$5:$A$104,0)),"ID not found")) -> Interconnection | F12: Spot Award | G12: Interconnection | H12: =IF(OR(C12="",G12=""),"",IF(G12<>E12,"Yes","No")) -> No | I12: Utility rejection fix | J12: Resolved a utility application rejection within 24 hours. | K12: E. Navarro | L12: =IF(F12="","",IFERROR(INDEX(Reference_Data!$P$5:$P$14,MATCH(F12,Reference_Data!$O$5:$O$14,0)),0)) -> 10 | M12: M. Flores | N12: Declined | O12: 46275 | Q12: =IF(AND(N12="Approved",L12<>""),L12,0) -> 0 | R12: Within standard job scope; acknowledged in team huddle.
A13: RC-0009 | B13: 46277 | C13: E-1002 | D13: =IF($C13="","",IFERROR(INDEX(Employee_Master!$B$5:$B$104,MATCH($C13,Employee_Master!$A$5:$A$104,0)),"ID not found")) -> Carlo Mendoza | E13: =IF($C13="","",IFERROR(INDEX(Employee_Master!$C$5:$C$104,MATCH($C13,Employee_Master!$A$5:$A$104,0)),"ID not found")) -> Design | F13: Cross-Department Recognition | G13: Quality Assurance | H13: =IF(OR(C13="",G13=""),"",IF(G13<>E13,"Yes","No")) -> Yes | I13: QA checklist revamp | J13: Co-authored the updated QA checklist adopted by the QA team. | K13: G. Bautista | L13: =IF(F13="","",IFERROR(INDEX(Reference_Data!$P$5:$P$14,MATCH(F13,Reference_Data!$O$5:$O$14,0)),0)) -> 15 | M13: R. Tan | N13: Approved | O13: 46283 | P13: Certificate of Recognition | Q13: =IF(AND(N13="Approved",L13<>""),L13,0) -> 15
D14: =IF($C14="","",IFERROR(INDEX(Employee_Master!$B$5:$B$104,MATCH($C14,Employee_Master!$A$5:$A$104,0)),"ID not found")) | E14: =IF($C14="","",IFERROR(INDEX(Employee_Master!$C$5:$C$104,MATCH($C14,Employee_Master!$A$5:$A$104,0)),"ID not found")) | H14: =IF(OR(C14="",G14=""),"",IF(G14<>E14,"Yes","No")) | L14: =IF(F14="","",IFERROR(INDEX(Reference_Data!$P$5:$P$14,MATCH(F14,Reference_Data!$O$5:$O$14,0)),0)) | Q14: =IF(AND(N14="Approved",L14<>""),L14,0) -> 0
D15: =IF($C15="","",IFERROR(INDEX(Employee_Master!$B$5:$B$104,MATCH($C15,Employee_Master!$A$5:$A$104,0)),"ID not found")) | E15: =IF($C15="","",IFERROR(INDEX(Employee_Master!$C$5:$C$104,MATCH($C15,Employee_Master!$A$5:$A$104,0)),"ID not found")) | H15: =IF(OR(C15="",G15=""),"",IF(G15<>E15,"Yes","No")) | L15: =IF(F15="","",IFERROR(INDEX(Reference_Data!$P$5:$P$14,MATCH(F15,Reference_Data!$O$5:$O$14,0)),0)) | Q15: =IF(AND(N15="Approved",L15<>""),L15,0) -> 0
D16: =IF($C16="","",IFERROR(INDEX(Employee_Master!$B$5:$B$104,MATCH($C16,Employee_Master!$A$5:$A$104,0)),"ID not found")) | E16: =IF($C16="","",IFERROR(INDEX(Employee_Master!$C$5:$C$104,MATCH($C16,Employee_Master!$A$5:$A$104,0)),"ID not found")) | H16: =IF(OR(C16="",G16=""),"",IF(G16<>E16,"Yes","No")) | L16: =IF(F16="","",IFERROR(INDEX(Reference_Data!$P$5:$P$14,MATCH(F16,Reference_Data!$O$5:$O$14,0)),0)) | Q16: =IF(AND(N16="Approved",L16<>""),L16,0) -> 0
D17: =IF($C17="","",IFERROR(INDEX(Employee_Master!$B$5:$B$104,MATCH($C17,Employee_Master!$A$5:$A$104,0)),"ID not found")) | E17: =IF($C17="","",IFERROR(INDEX(Employee_Master!$C$5:$C$104,MATCH($C17,Employee_Master!$A$5:$A$104,0)),"ID not found")) | H17: =IF(OR(C17="",G17=""),"",IF(G17<>E17,"Yes","No")) | L17: =IF(F17="","",IFERROR(INDEX(Reference_Data!$P$5:$P$14,MATCH(F17,Reference_Data!$O$5:$O$14,0)),0)) | Q17: =IF(AND(N17="Approved",L17<>""),L17,0) -> 0
D18: =IF($C18="","",IFERROR(INDEX(Employee_Master!$B$5:$B$104,MATCH($C18,Employee_Master!$A$5:$A$104,0)),"ID not found")) | E18: =IF($C18="","",IFERROR(INDEX(Employee_Master!$C$5:$C$104,MATCH($C18,Employee_Master!$A$5:$A$104,0)),"ID not found")) | H18: =IF(OR(C18="",G18=""),"",IF(G18<>E18,"Yes","No")) | L18: =IF(F18="","",IFERROR(INDEX(Reference_Data!$P$5:$P$14,MATCH(F18,Reference_Data!$O$5:$O$14,0)),0)) | Q18: =IF(AND(N18="Approved",L18<>""),L18,0) -> 0
D19: =IF($C19="","",IFERROR(INDEX(Employee_Master!$B$5:$B$104,MATCH($C19,Employee_Master!$A$5:$A$104,0)),"ID not found")) | E19: =IF($C19="","",IFERROR(INDEX(Employee_Master!$C$5:$C$104,MATCH($C19,Employee_Master!$A$5:$A$104,0)),"ID not found")) | H19: =IF(OR(C19="",G19=""),"",IF(G19<>E19,"Yes","No")) | L19: =IF(F19="","",IFERROR(INDEX(Reference_Data!$P$5:$P$14,MATCH(F19,Reference_Data!$O$5:$O$14,0)),0)) | Q19: =IF(AND(N19="Approved",L19<>""),L19,0) -> 0
D20: =IF($C20="","",IFERROR(INDEX(Employee_Master!$B$5:$B$104,MATCH($C20,Employee_Master!$A$5:$A$104,0)),"ID not found")) | E20: =IF($C20="","",IFERROR(INDEX(Employee_Master!$C$5:$C$104,MATCH($C20,Employee_Master!$A$5:$A$104,0)),"ID not found")) | H20: =IF(OR(C20="",G20=""),"",IF(G20<>E20,"Yes","No")) | L20: =IF(F20="","",IFERROR(INDEX(Reference_Data!$P$5:$P$14,MATCH(F20,Reference_Data!$O$5:$O$14,0)),0)) | Q20: =IF(AND(N20="Approved",L20<>""),L20,0) -> 0
D21: =IF($C21="","",IFERROR(INDEX(Employee_Master!$B$5:$B$104,MATCH($C21,Employee_Master!$A$5:$A$104,0)),"ID not found")) | E21: =IF($C21="","",IFERROR(INDEX(Employee_Master!$C$5:$C$104,MATCH($C21,Employee_Master!$A$5:$A$104,0)),"ID not found")) | H21: =IF(OR(C21="",G21=""),"",IF(G21<>E21,"Yes","No")) | L21: =IF(F21="","",IFERROR(INDEX(Reference_Data!$P$5:$P$14,MATCH(F21,Reference_Data!$O$5:$O$14,0)),0)) | Q21: =IF(AND(N21="Approved",L21<>""),L21,0) -> 0
D22: =IF($C22="","",IFERROR(INDEX(Employee_Master!$B$5:$B$104,MATCH($C22,Employee_Master!$A$5:$A$104,0)),"ID not found")) | E22: =IF($C22="","",IFERROR(INDEX(Employee_Master!$C$5:$C$104,MATCH($C22,Employee_Master!$A$5:$A$104,0)),"ID not found")) | H22: =IF(OR(C22="",G22=""),"",IF(G22<>E22,"Yes","No")) | L22: =IF(F22="","",IFERROR(INDEX(Reference_Data!$P$5:$P$14,MATCH(F22,Reference_Data!$O$5:$O$14,0)),0)) | Q22: =IF(AND(N22="Approved",L22<>""),L22,0) -> 0
D23: =IF($C23="","",IFERROR(INDEX(Employee_Master!$B$5:$B$104,MATCH($C23,Employee_Master!$A$5:$A$104,0)),"ID not found")) | E23: =IF($C23="","",IFERROR(INDEX(Employee_Master!$C$5:$C$104,MATCH($C23,Employee_Master!$A$5:$A$104,0)),"ID not found")) | H23: =IF(OR(C23="",G23=""),"",IF(G23<>E23,"Yes","No")) | L23: =IF(F23="","",IFERROR(INDEX(Reference_Data!$P$5:$P$14,MATCH(F23,Reference_Data!$O$5:$O$14,0)),0)) | Q23: =IF(AND(N23="Approved",L23<>""),L23,0) -> 0
D24: =IF($C24="","",IFERROR(INDEX(Employee_Master!$B$5:$B$104,MATCH($C24,Employee_Master!$A$5:$A$104,0)),"ID not found")) | E24: =IF($C24="","",IFERROR(INDEX(Employee_Master!$C$5:$C$104,MATCH($C24,Employee_Master!$A$5:$A$104,0)),"ID not found")) | H24: =IF(OR(C24="",G24=""),"",IF(G24<>E24,"Yes","No")) | L24: =IF(F24="","",IFERROR(INDEX(Reference_Data!$P$5:$P$14,MATCH(F24,Reference_Data!$O$5:$O$14,0)),0)) | Q24: =IF(AND(N24="Approved",L24<>""),L24,0) -> 0
D25: =IF($C25="","",IFERROR(INDEX(Employee_Master!$B$5:$B$104,MATCH($C25,Employee_Master!$A$5:$A$104,0)),"ID not found")) | E25: =IF($C25="","",IFERROR(INDEX(Employee_Master!$C$5:$C$104,MATCH($C25,Employee_Master!$A$5:$A$104,0)),"ID not found")) | H25: =IF(OR(C25="",G25=""),"",IF(G25<>E25,"Yes","No")) | L25: =IF(F25="","",IFERROR(INDEX(Reference_Data!$P$5:$P$14,MATCH(F25,Reference_Data!$O$5:$O$14,0)),0)) | Q25: =IF(AND(N25="Approved",L25<>""),L25,0) -> 0
... D304: =IF($C304="","",IFERROR(INDEX(Employee_Master!$B$5:$B$104,MATCH($C304,Employee_Master!$A$5:$A$104,0)),"ID not found")) | E304: =IF($C304="","",IFERROR(INDEX(Employee_Master!$C$5:$C$104,MATCH($C304,Employee_Master!$A$5:$A$104,0)),"ID not found")) | H304: =IF(OR(C304="",G304=""),"",IF(G304<>E304,"Yes","No")) | L304: =IF(F304="","",IFERROR(INDEX(Reference_Data!$P$5:$P$14,MATCH(F304,Reference_Data!$O$5:$O$14,0)),0)) | Q304: =IF(AND(N304="Approved",L304<>""),L304,0) -> 0

Sheet Corrective_Action_Log
A1: Corrective Action Log (Accountability)
A2: Progressive, documented corrective actions. Demerits count only once a Decision Date is recorded (after due process) and the action is not voided.
A3: Legend: Navy header = input (enter / select from dropdown) | Grey header + shaded cells = auto-calculated (do not overwrite)
A4: CA ID | B4: Incident Date | C4: Employee ID | D4: Employee Name | E4: Department | F4: Linked Log ID | G4: Infraction Category | H4: Severity | I4: Incident Description | J4: Corrective Action | K4: Demerit Points | L4: Notice to Explain Issued | M4: Employee Response Date | N4: Decision Date | O4: Issued By | P4: HR Reviewed (Yes/No) | Q4: Retraining Required (Yes/No) | R4: Retraining Due Date | S4: Action Status | T4: Demerits Counted | U4: Remarks
A5: CA-0001 | B5: 46120 | C5: E-1002 | D5: =IF($C5="","",IFERROR(INDEX(Employee_Master!$B$5:$B$104,MATCH($C5,Employee_Master!$A$5:$A$104,0)),"ID not found")) -> Carlo Mendoza | E5: =IF($C5="","",IFERROR(INDEX(Employee_Master!$C$5:$C$104,MATCH($C5,Employee_Master!$A$5:$A$104,0)),"ID not found")) -> Design | F5: QL-0011 | G5: Quality Non-Conformance | H5: Minor | I5: String sizing error caught at QA. | J5: Coaching Session | K5: =IF(J5="","",IFERROR(INDEX(Reference_Data!$T$5:$T$14,MATCH(J5,Reference_Data!$S$5:$S$14,0)),0)) -> 0 | N5: 46122 | O5: P. Garcia | P5: No | Q5: Yes | R5: 46142 | S5: Closed | T5: =IF(OR(K5="",N5="",S5="Voided / Rescinded"),0,K5) -> 0
A6: CA-0002 | B6: 46154 | C6: E-1010 | D6: =IF($C6="","",IFERROR(INDEX(Employee_Master!$B$5:$B$104,MATCH($C6,Employee_Master!$A$5:$A$104,0)),"ID not found")) -> Jomar Dela Cruz | E6: =IF($C6="","",IFERROR(INDEX(Employee_Master!$C$5:$C$104,MATCH($C6,Employee_Master!$A$5:$A$104,0)),"ID not found")) -> Design | F6: QL-0012 | G6: Quality Non-Conformance | H6: Major | I6: AHJ rejection for missing fire setbacks. | J6: Written Warning | K6: =IF(J6="","",IFERROR(INDEX(Reference_Data!$T$5:$T$14,MATCH(J6,Reference_Data!$S$5:$S$14,0)),0)) -> 15 | L6: 46155 | M6: 46160 | N6: 46164 | O6: P. Garcia | P6: Yes | Q6: Yes | R6: 46188 | S6: Closed | T6: =IF(OR(K6="",N6="",S6="Voided / Rescinded"),0,K6) -> 15
A7: CA-0003 | B7: 46193 | C7: E-1010 | D7: =IF($C7="","",IFERROR(INDEX(Employee_Master!$B$5:$B$104,MATCH($C7,Employee_Master!$A$5:$A$104,0)),"ID not found")) -> Jomar Dela Cruz | E7: =IF($C7="","",IFERROR(INDEX(Employee_Master!$C$5:$C$104,MATCH($C7,Employee_Master!$A$5:$A$104,0)),"ID not found")) -> Design | F7: QL-0013 | G7: Repeat Defect | H7: Critical | I7: Repeat AHJ rejection resulting in field change order. | J7: Decertification | K7: =IF(J7="","",IFERROR(INDEX(Reference_Data!$T$5:$T$14,MATCH(J7,Reference_Data!$S$5:$S$14,0)),0)) -> 30 | L7: 46194 | M7: 46197 | N7: 46198 | O7: P. Garcia | P7: Yes | Q7: Yes | R7: 46218 | S7: Closed | T7: =IF(OR(K7="",N7="",S7="Voided / Rescinded"),0,K7) -> 30 | U7: Reinstated via QL-0014.
A8: CA-0004 | B8: 46127 | C8: E-1006 | D8: =IF($C8="","",IFERROR(INDEX(Employee_Master!$B$5:$B$104,MATCH($C8,Employee_Master!$A$5:$A$104,0)),"ID not found")) -> Francis Aquino | E8: =IF($C8="","",IFERROR(INDEX(Employee_Master!$C$5:$C$104,MATCH($C8,Employee_Master!$A$5:$A$104,0)),"ID not found")) -> Interconnection | F8: QL-0015 | G8: Quality Non-Conformance | H8: Minor | I8: SLD mismatch with utility application. | J8: Coaching Session | K8: =IF(J8="","",IFERROR(INDEX(Reference_Data!$T$5:$T$14,MATCH(J8,Reference_Data!$S$5:$S$14,0)),0)) -> 0 | N8: 46128 | O8: L. Ramos | P8: No | Q8: No | S8: Closed | T8: =IF(OR(K8="",N8="",S8="Voided / Rescinded"),0,K8) -> 0
A9: CA-0005 | B9: 46259 | C9: E-1004 | D9: =IF($C9="","",IFERROR(INDEX(Employee_Master!$B$5:$B$104,MATCH($C9,Employee_Master!$A$5:$A$104,0)),"ID not found")) -> Daniel Reyes | E9: =IF($C9="","",IFERROR(INDEX(Employee_Master!$C$5:$C$104,MATCH($C9,Employee_Master!$A$5:$A$104,0)),"ID not found")) -> Permitting | F9: QL-0019 | G9: Process / SOP Non-Compliance | H9: Major | I9: Outdated structural letter used; document-control SOP not followed. | J9: Written Warning | K9: =IF(J9="","",IFERROR(INDEX(Reference_Data!$T$5:$T$14,MATCH(J9,Reference_Data!$S$5:$S$14,0)),0)) -> 15 | L9: 46260 | M9: 46263 | O9: L. Ramos | P9: No | Q9: Yes | R9: 46310 | S9: Open | T9: =IF(OR(K9="",N9="",S9="Voided / Rescinded"),0,K9) -> 0 | U9: Pending decision — due process in progress.
A10: CA-0006 | B10: 46206 | C10: E-1009 | D10: =IF($C10="","",IFERROR(INDEX(Employee_Master!$B$5:$B$104,MATCH($C10,Employee_Master!$A$5:$A$104,0)),"ID not found")) -> Ivy Castillo | E10: =IF($C10="","",IFERROR(INDEX(Employee_Master!$C$5:$C$104,MATCH($C10,Employee_Master!$A$5:$A$104,0)),"ID not found")) -> Project Management | G10: Attendance / Timeliness | H10: Minor | I10: Three late log-ins within the month. | J10: Verbal Warning | K10: =IF(J10="","",IFERROR(INDEX(Reference_Data!$T$5:$T$14,MATCH(J10,Reference_Data!$S$5:$S$14,0)),0)) -> 5 | N10: 46208 | O10: M. Flores | P10: No | Q10: No | S10: Closed | T10: =IF(OR(K10="",N10="",S10="Voided / Rescinded"),0,K10) -> 5
D11: =IF($C11="","",IFERROR(INDEX(Employee_Master!$B$5:$B$104,MATCH($C11,Employee_Master!$A$5:$A$104,0)),"ID not found")) | E11: =IF($C11="","",IFERROR(INDEX(Employee_Master!$C$5:$C$104,MATCH($C11,Employee_Master!$A$5:$A$104,0)),"ID not found")) | K11: =IF(J11="","",IFERROR(INDEX(Reference_Data!$T$5:$T$14,MATCH(J11,Reference_Data!$S$5:$S$14,0)),0)) | T11: =IF(OR(K11="",N11="",S11="Voided / Rescinded"),0,K11) -> 0
D12: =IF($C12="","",IFERROR(INDEX(Employee_Master!$B$5:$B$104,MATCH($C12,Employee_Master!$A$5:$A$104,0)),"ID not found")) | E12: =IF($C12="","",IFERROR(INDEX(Employee_Master!$C$5:$C$104,MATCH($C12,Employee_Master!$A$5:$A$104,0)),"ID not found")) | K12: =IF(J12="","",IFERROR(INDEX(Reference_Data!$T$5:$T$14,MATCH(J12,Reference_Data!$S$5:$S$14,0)),0)) | T12: =IF(OR(K12="",N12="",S12="Voided / Rescinded"),0,K12) -> 0
D13: =IF($C13="","",IFERROR(INDEX(Employee_Master!$B$5:$B$104,MATCH($C13,Employee_Master!$A$5:$A$104,0)),"ID not found")) | E13: =IF($C13="","",IFERROR(INDEX(Employee_Master!$C$5:$C$104,MATCH($C13,Employee_Master!$A$5:$A$104,0)),"ID not found")) | K13: =IF(J13="","",IFERROR(INDEX(Reference_Data!$T$5:$T$14,MATCH(J13,Reference_Data!$S$5:$S$14,0)),0)) | T13: =IF(OR(K13="",N13="",S13="Voided / Rescinded"),0,K13) -> 0
D14: =IF($C14="","",IFERROR(INDEX(Employee_Master!$B$5:$B$104,MATCH($C14,Employee_Master!$A$5:$A$104,0)),"ID not found")) | E14: =IF($C14="","",IFERROR(INDEX(Employee_Master!$C$5:$C$104,MATCH($C14,Employee_Master!$A$5:$A$104,0)),"ID not found")) | K14: =IF(J14="","",IFERROR(INDEX(Reference_Data!$T$5:$T$14,MATCH(J14,Reference_Data!$S$5:$S$14,0)),0)) | T14: =IF(OR(K14="",N14="",S14="Voided / Rescinded"),0,K14) -> 0
D15: =IF($C15="","",IFERROR(INDEX(Employee_Master!$B$5:$B$104,MATCH($C15,Employee_Master!$A$5:$A$104,0)),"ID not found")) | E15: =IF($C15="","",IFERROR(INDEX(Employee_Master!$C$5:$C$104,MATCH($C15,Employee_Master!$A$5:$A$104,0)),"ID not found")) | K15: =IF(J15="","",IFERROR(INDEX(Reference_Data!$T$5:$T$14,MATCH(J15,Reference_Data!$S$5:$S$14,0)),0)) | T15: =IF(OR(K15="",N15="",S15="Voided / Rescinded"),0,K15) -> 0
D16: =IF($C16="","",IFERROR(INDEX(Employee_Master!$B$5:$B$104,MATCH($C16,Employee_Master!$A$5:$A$104,0)),"ID not found")) | E16: =IF($C16="","",IFERROR(INDEX(Employee_Master!$C$5:$C$104,MATCH($C16,Employee_Master!$A$5:$A$104,0)),"ID not found")) | K16: =IF(J16="","",IFERROR(INDEX(Reference_Data!$T$5:$T$14,MATCH(J16,Reference_Data!$S$5:$S$14,0)),0)) | T16: =IF(OR(K16="",N16="",S16="Voided / Rescinded"),0,K16) -> 0
D17: =IF($C17="","",IFERROR(INDEX(Employee_Master!$B$5:$B$104,MATCH($C17,Employee_Master!$A$5:$A$104,0)),"ID not found")) | E17: =IF($C17="","",IFERROR(INDEX(Employee_Master!$C$5:$C$104,MATCH($C17,Employee_Master!$A$5:$A$104,0)),"ID not found")) | K17: =IF(J17="","",IFERROR(INDEX(Reference_Data!$T$5:$T$14,MATCH(J17,Reference_Data!$S$5:$S$14,0)),0)) | T17: =IF(OR(K17="",N17="",S17="Voided / Rescinded"),0,K17) -> 0
D18: =IF($C18="","",IFERROR(INDEX(Employee_Master!$B$5:$B$104,MATCH($C18,Employee_Master!$A$5:$A$104,0)),"ID not found")) | E18: =IF($C18="","",IFERROR(INDEX(Employee_Master!$C$5:$C$104,MATCH($C18,Employee_Master!$A$5:$A$104,0)),"ID not found")) | K18: =IF(J18="","",IFERROR(INDEX(Reference_Data!$T$5:$T$14,MATCH(J18,Reference_Data!$S$5:$S$14,0)),0)) | T18: =IF(OR(K18="",N18="",S18="Voided / Rescinded"),0,K18) -> 0
D19: =IF($C19="","",IFERROR(INDEX(Employee_Master!$B$5:$B$104,MATCH($C19,Employee_Master!$A$5:$A$104,0)),"ID not found")) | E19: =IF($C19="","",IFERROR(INDEX(Employee_Master!$C$5:$C$104,MATCH($C19,Employee_Master!$A$5:$A$104,0)),"ID not found")) | K19: =IF(J19="","",IFERROR(INDEX(Reference_Data!$T$5:$T$14,MATCH(J19,Reference_Data!$S$5:$S$14,0)),0)) | T19: =IF(OR(K19="",N19="",S19="Voided / Rescinded"),0,K19) -> 0
D20: =IF($C20="","",IFERROR(INDEX(Employee_Master!$B$5:$B$104,MATCH($C20,Employee_Master!$A$5:$A$104,0)),"ID not found")) | E20: =IF($C20="","",IFERROR(INDEX(Employee_Master!$C$5:$C$104,MATCH($C20,Employee_Master!$A$5:$A$104,0)),"ID not found")) | K20: =IF(J20="","",IFERROR(INDEX(Reference_Data!$T$5:$T$14,MATCH(J20,Reference_Data!$S$5:$S$14,0)),0)) | T20: =IF(OR(K20="",N20="",S20="Voided / Rescinded"),0,K20) -> 0
D21: =IF($C21="","",IFERROR(INDEX(Employee_Master!$B$5:$B$104,MATCH($C21,Employee_Master!$A$5:$A$104,0)),"ID not found")) | E21: =IF($C21="","",IFERROR(INDEX(Employee_Master!$C$5:$C$104,MATCH($C21,Employee_Master!$A$5:$A$104,0)),"ID not found")) | K21: =IF(J21="","",IFERROR(INDEX(Reference_Data!$T$5:$T$14,MATCH(J21,Reference_Data!$S$5:$S$14,0)),0)) | T21: =IF(OR(K21="",N21="",S21="Voided / Rescinded"),0,K21) -> 0
D22: =IF($C22="","",IFERROR(INDEX(Employee_Master!$B$5:$B$104,MATCH($C22,Employee_Master!$A$5:$A$104,0)),"ID not found")) | E22: =IF($C22="","",IFERROR(INDEX(Employee_Master!$C$5:$C$104,MATCH($C22,Employee_Master!$A$5:$A$104,0)),"ID not found")) | K22: =IF(J22="","",IFERROR(INDEX(Reference_Data!$T$5:$T$14,MATCH(J22,Reference_Data!$S$5:$S$14,0)),0)) | T22: =IF(OR(K22="",N22="",S22="Voided / Rescinded"),0,K22) -> 0
... D304: =IF($C304="","",IFERROR(INDEX(Employee_Master!$B$5:$B$104,MATCH($C304,Employee_Master!$A$5:$A$104,0)),"ID not found")) | E304: =IF($C304="","",IFERROR(INDEX(Employee_Master!$C$5:$C$104,MATCH($C304,Employee_Master!$A$5:$A$104,0)),"ID not found")) | K304: =IF(J304="","",IFERROR(INDEX(Reference_Data!$T$5:$T$14,MATCH(J304,Reference_Data!$S$5:$S$14,0)),0)) | T304: =IF(OR(K304="",N304="",S304="Voided / Rescinded"),0,K304) -> 0

Sheet Employee_Master
A1: Employee Master
A2: One row per employee. Employee ID is the key used by every log.
A3: Legend: Navy header = input (enter / select from dropdown) | Grey header + shaded cells = auto-calculated (do not overwrite)
A4: Employee ID | B4: Full Name | C4: Department | D4: Position | E4: Date Hired | F4: Division Lead | G4: Process Trainer | H4: Employment Status
A5: E-1001 | B5: Andrea Villanueva | C5: Design | D5: Design Engineer II | E5: 44634 | F5: R. Tan | G5: P. Garcia | H5: Active
A6: E-1002 | B6: Carlo Mendoza | C6: Design | D6: Design Engineer I | E6: 45446 | F6: R. Tan | G6: P. Garcia | H6: Active
A7: E-1003 | B7: Bea Santos | C7: Permitting | D7: Permit Specialist | E7: 44935 | F7: M. Flores | G7: L. Ramos | H7: Active
A8: E-1004 | B8: Daniel Reyes | C8: Permitting | D8: Permit Specialist | E8: 45159 | F8: M. Flores | G8: L. Ramos | H8: Active
A9: E-1005 | B9: Ella Navarro | C9: Interconnection | D9: Interconnection Specialist | E9: 44872 | F9: M. Flores | G9: L. Ramos | H9: Active
A10: E-1006 | B10: Francis Aquino | C10: Interconnection | D10: Interconnection Analyst | E10: 45705 | F10: M. Flores | G10: L. Ramos | H10: Active
A11: E-1007 | B11: Grace Bautista | C11: Quality Assurance | D11: QA Analyst | E11: 44326 | F11: R. Tan | G11: P. Garcia | H11: Active
A12: E-1008 | B12: Hector Lim | C12: Quality Assurance | D12: QA Lead / Process Trainer | E12: 44075 | F12: R. Tan | G12: P. Garcia | H12: Active
A13: E-1009 | B13: Ivy Castillo | C13: Project Management | D13: Project Coordinator | E13: 45306 | F13: M. Flores | G13: L. Ramos | H13: Active
A14: E-1010 | B14: Jomar Dela Cruz | C14: Design | D14: Design Engineer I | E14: 45845 | F14: R. Tan | G14: P. Garcia | H14: Active

Sheet Reference_Data
A1: Reference Data — Master Lists & Parameters
A2: Single source for all dropdowns and scoring. Edit values here; blank rows inside each list are available for additions.
A3: Blue text = editable parameter / list value.
A4: Department | C4: Process | E4: Certification Level | F4: Definition | H4: Severity | I4: Definition | J4: Recommended Action | L4: COQ Category | M4: Definition | O4: Recognition Type | P4: Merit Points | Q4: Description | S4: Corrective Action | T4: Demerit Points | U4: Description | W4: Event Type | Y4: Yes / No | AA4: Approval Status | AC4: Award Issued | AE4: Infraction Category | AG4: Action Status | AI4: Employment Status | AK4: Parameter | AL4: Value | AM4: Note
A5: Design | C5: Solar PV Permit Plan Set Design | E5: Trainee (L0) | F5: In training; all output requires 100% review by a Process Trainer. | H5: Minor | I5: Defect caught internally; no customer, AHJ or utility impact; COQ below ₱5,000. | J5: Coaching Session | L5: Prevention | M5: Cost to prevent defects: training, templates, SOP development. | O5: Spot Award | P5: 10 | Q5: Immediate recognition of an above-standard contribution. | S5: Coaching Session | T5: 0 | U5: Documented one-on-one coaching; non-disciplinary. | W5: Initial Certification | Y5: Yes | AA5: Pending | AC5: Certificate of Recognition | AE5: Quality Non-Conformance | AG5: Open | AI5: Active | AK5: Certification validity (months) | AL5: 12 | AM5: Expiry = Certification Date + this value.
A6: Permitting | C6: Title 24 Compliance Documentation | E6: Qualified (L1) | F6: Passed assessment; works independently with sampling review. | H6: Major | I6: Defect reached AHJ / utility / customer OR required formal rework; schedule impact. | J6: Written Warning + Retraining | L6: Appraisal | M6: Cost to detect defects: QA review, audits, assessments. | O6: Cross-Department Recognition | P6: 15 | Q6: Significant assistance that helped another department achieve a goal. Division Lead approval required. | S6: Verbal Warning | T6: 5 | U6: Documented verbal warning. | W6: Recertification | Y6: No | AA6: Approved | AC6: Gift Voucher | AE6: Repeat Defect | AG6: Closed | AI6: Inactive | AK6: Recertification window after decertification (days) | AL6: 30 | AM6: Recertification Due = Decertification Date + this value.
A7: Interconnection | C7: Utility Interconnection Application (Rule 21) | E7: Certified (L2) | F7: Fully competent; independent work with standard QA sampling. | H7: Critical | I7: Safety, code or compliance risk, field rework, or repeat Major within 90 days. | J7: Decertification Review / Final Written Warning | L7: Internal Failure | M7: Defects caught before release: rework, re-review, delay. | O7: Mentorship Award | P7: 15 | Q7: Coached peers to a higher certification level. | S7: Written Warning | T7: 15 | U7: Formal written warning after due process. | W7: Assessment / Audit | AA7: Declined | AC7: Cash Incentive | AE7: Process / SOP Non-Compliance | AG7: Voided / Rescinded | AK7: Standing: Exemplary (Net Merit ≥) | AL7: 40 | AM7: Proposed threshold — calibrate after first quarter.
A8: Quality Assurance | C8: Structural Load Calculation | E8: Master / Trainer (L3) | F8: Subject-matter expert; authorized to train and assess others. | L8: External Failure | M8: Defects found by AHJ, utility, builder or homeowner: resubmittal, field change, penalties. | O8: Quality Excellence Award | P8: 20 | Q8: Sustained zero-defect / top First Pass Yield performance. | S8: Performance Improvement Plan (PIP) | T8: 20 | U8: Structured improvement plan with defined targets and timeline. | W8: Quality Incident | AC8: Additional Leave Credit | AE8: Attendance / Timeliness | AK8: Standing: Commendable (Net Merit ≥) | AL8: 15 | AM8: Proposed threshold.
A9: Project Management | C9: Battery Storage (ESS) Design | O9: Zero-Defect Milestone | P9: 20 | Q9: Consecutive-output milestone with zero QA findings. | S9: Final Written Warning | T9: 30 | U9: Last formal warning before escalation to HR. | W9: Decertification | AC9: Public Recognition (Wall of Excellence) | AE9: Policy Violation | AK9: Standing: Meets Standard (Net Merit ≥) | AL9: 0 | AM9: Below this = Needs Improvement.
A10: Customer Care | C10: Plan Set QA Review | O10: Innovation / Process Improvement | P10: 25 | Q10: Improvement adopted that measurably reduces COQ or cycle time. | S10: Decertification | T10: 30 | U10: Removal of process certification; retraining and reassessment required. | W10: Reinstatement | AC10: Token / Merchandise | AK10: Reward ineligibility: Demerit Points ≥ | AL10: 30 | AM10: Also ineligible if any Critical incident in the period.
C11: AHJ Permit Submission | O11: Employee of the Quarter | P11: 40 | Q11: Top overall contributor for the quarter (committee selection). | S11: Suspension (HR Determination) | T11: 50 | U11: HR-determined sanction following due process.
C12: Salesforce Case & Milestone Management
